keyword,volume,seo_difficulty,competition,cluster,seed,status
心理テスト 動物 捨てる 7 匹,70,13,0,暇つぶし系,心理テスト,todo
性格診断 論文,30,13,0,暇つぶし系,性格診断,todo
嵐 性格診断 vs嵐,10,13,0,暇つぶし系,性格診断,todo
月曜から夜ふかし 心理テスト 四字熟語,50,15,0,暇つぶし系,心理テスト,todo
惑星 名前 かっこいい,390,16,0,ネーミング系,名前 かっこいい,todo
ドラゴン 名前 かっこいい,320,16,0,ネーミング系,名前 かっこいい,todo
ドイツ 名前 かっこいい,320,16,0,ネーミング系,名前 かっこいい,todo
心理テスト パスタ,20,16,0,暇つぶし系,心理テスト,todo
あ ぎょうさん なぞなぞ 答え,10,16,0,暇つぶし系,なぞなぞ,todo
ユング 性格診断 8 タイプ,10,16,6,暇つぶし系,性格診断,todo
岡田斗司夫 性格診断 mbti,10,16,0,暇つぶし系,性格診断,todo
心理テスト月曜から夜ふかし,480,17,0,暇つぶし系,心理テスト,todo
なぞなぞ 100 キーホルダー,110,17,17,暇つぶし系,なぞなぞ,todo
運動会 スローガン 四字熟語 かっこいい,70,17,0,ネーミング系,四字熟語 かっこいい,todo
競馬 二つ名最近,40,17,0,ネーミング系,二つ名,todo
競馬 二つ名 なんj,30,17,0,ネーミング系,二つ名,todo
心理テスト 腕の組み方,10,17,0,暇つぶし系,心理テスト,todo
座談会 心理テスト,10,17,0,暇つぶし系,心理テスト,todo
狐 名前 かっこいい,320,18,0,ネーミング系,名前 かっこいい,todo
プロレス 技名,260,18,0,ネーミング系,技名,todo
蛇 名前 かっこいい,210,18,0,ネーミング系,名前 かっこいい,todo
なぞなぞ 朝は4本昼は2本夜は3本,140,18,0,暇つぶし系,なぞなぞ,todo
野球 ポジション 性格診断,110,18,0,暇つぶし系,性格診断,todo
なぞなぞえほん,90,18,70,暇つぶし系,なぞなぞ,todo
なぞなぞ の 本 キーホルダー,40,18,5,暇つぶし系,なぞなぞ,todo
脳トレ ピアノ 楽譜,40,18,3,暇つぶし系,脳トレ,todo
競馬 二つ名 クイズ,30,18,0,ネーミング系,二つ名,todo
恭平 名前 かっこいい,20,18,0,ネーミング系,名前 かっこいい,todo
心理テスト1412,20,18,8,暇つぶし系,心理テスト,todo
心理テスト キューブ,20,18,0,暇つぶし系,心理テスト,todo
念能力 性格診断 ヒソカ,20,18,0,暇つぶし系,性格診断,todo
心理テスト ラーメンズ,10,18,0,暇つぶし系,心理テスト,todo
心理テスト 助ける 順番,10,18,0,暇つぶし系,心理テスト,todo
チーム名 かっこいい 英語,390,19,0,ネーミング系,チーム名 かっこいい,todo
メカ丸 技名,260,19,0,ネーミング系,技名,todo
なぞなぞのみせ,260,19,37,暇つぶし系,なぞなぞ,todo
ラテン語 かっこいい フレーズ,260,19,0,ネーミング系,ラテン語 かっこいい,todo
かっこいい 心に響く 漢字 一文字,260,19,0,ネーミング系,漢字 一文字 かっこいい,todo
なぞなぞかるた,210,19,28,暇つぶし系,なぞなぞ,todo
心理テスト本 小学生,140,19,37,暇つぶし系,心理テスト,todo
ドラクエ11 なぞなぞ 答え,110,19,0,暇つぶし系,なぞなぞ,todo
なぞなぞマンかよぉ,70,19,0,暇つぶし系,なぞなぞ,todo
脳トレ 積み木,70,19,88,暇つぶし系,脳トレ,todo
脳トレ ダスキン,30,19,1,暇つぶし系,脳トレ,todo
ハンターハンター ヒソカ 性格診断,30,19,0,暇つぶし系,性格診断,todo
心理テスト本 中学生,20,19,51,暇つぶし系,心理テスト,todo
ホロライブ 性格診断 まとめ,20,19,0,暇つぶし系,性格診断,todo
心理テスト にんじん,10,19,0,暇つぶし系,心理テスト,todo
性格診断 ゴリラ,10,19,0,暇つぶし系,性格診断,todo
車の色 性格診断,10,19,0,暇つぶし系,性格診断,todo
薬 名前 かっこいい,210,20,0,ネーミング系,名前 かっこいい,todo
星 の 名前 かっこいい 和 名,170,20,0,ネーミング系,名前 かっこいい,todo
ドラクエ 主人公 名前 かっこいい,140,20,0,ネーミング系,名前 かっこいい,todo
ハンターハンター 技名 ダサい,140,20,0,ネーミング系,技名,todo
なぞなぞみたいに地球儀を解き明かしたら,110,20,0,暇つぶし系,なぞなぞ,todo
ギリシャ 名前 かっこいい,90,20,0,ネーミング系,名前 かっこいい,todo
脳トレ玩具,40,20,100,暇つぶし系,脳トレ,todo
ペン回し 技名,30,20,0,ネーミング系,技名,todo
脳トレ タッチペン,20,20,13,暇つぶし系,脳トレ,todo
性格診断 相関図,20,20,0,暇つぶし系,性格診断,todo
性格診断 mbti アニメキャラ,20,20,0,暇つぶし系,性格診断,todo
ポケモン不思議のダンジョン 性格診断,20,20,0,暇つぶし系,性格診断,todo
ハンターハンター 技名 元ネタ,10,20,0,ネーミング系,技名,todo
デク デコピン 技名,10,20,0,ネーミング系,技名,todo
たべっ子どうぶつ なぞなぞブック,10,20,36,暇つぶし系,なぞなぞ,todo
心理テストフォーエイト,10,20,0,暇つぶし系,心理テスト,todo
心理テスト 異性を 当てはめる 曜日,10,20,0,暇つぶし系,心理テスト,todo
脳トレ358,10,20,0,暇つぶし系,脳トレ,todo
脳トレ 86,10,20,0,暇つぶし系,脳トレ,todo
ペン習字 脳トレ,10,20,71,暇つぶし系,脳トレ,todo
ドイツ 女性 名前 かっこいい,140,21,0,ネーミング系,名前 かっこいい,todo
馨 名前 かっこいい,110,21,0,ネーミング系,名前 かっこいい,todo
花 二字熟語 かっこいい,70,21,0,ネーミング系,二字熟語 かっこいい,todo
なぞなぞ仮面 フブキ,40,21,0,暇つぶし系,なぞなぞ,todo
心理テスト 小学生向け 絵,30,21,2,暇つぶし系,心理テスト,todo
天声人語書き写しノート 脳トレ版,30,21,57,暇つぶし系,脳トレ,todo
脳トレ スイッチ 中古,20,21,49,暇つぶし系,脳トレ,todo
性格診断 類人猿,20,21,0,暇つぶし系,性格診断,todo
性格診断 ボノボ,20,21,0,暇つぶし系,性格診断,todo
心理テスト 足し算 7,10,21,0,暇つぶし系,心理テスト,todo
心理テスト 標準化,10,21,0,暇つぶし系,心理テスト,todo
心理テスト 砂漠 飛行機,10,21,0,暇つぶし系,心理テスト,todo
脳トレ76,10,21,0,暇つぶし系,脳トレ,todo
脳トレ 84,10,21,0,暇つぶし系,脳トレ,todo
ルービックキューブ 脳トレ 大人,10,21,36,暇つぶし系,脳トレ,todo
ヒューマンエラー 性格診断,10,21,5,暇つぶし系,性格診断,todo
ヒョンジン 性格診断,10,21,0,暇つぶし系,性格診断,todo
ジャニーズwest 性格診断,10,21,0,暇つぶし系,性格診断,todo
外国 人 かっこいい 名前 フルネーム,390,22,0,ネーミング系,名前 かっこいい,todo
かっこいい アニメ キャラ の 名前,390,22,0,ネーミング系,名前 かっこいい,todo
二人の男性で迷った時 心理テスト,390,22,2,暇つぶし系,心理テスト,todo
中国 かっこいい 名前,260,22,0,ネーミング系,名前 かっこいい,todo
ペルソナ4 なぞなぞ,260,22,0,暇つぶし系,なぞなぞ,todo
脳トレぬりえ,210,22,40,暇つぶし系,脳トレ,todo
僧侶 名前 かっこいい,170,22,0,ネーミング系,名前 かっこいい,todo
銀河 名前 かっこいい,170,22,0,ネーミング系,名前 かっこいい,todo
ギルド名 和風,170,22,0,ネーミング系,ギルド名,todo
白ひげ 技名,170,22,0,ネーミング系,技名,todo
神話 名前 かっこいい,170,22,0,ネーミング系,神話 名前 かっこいい,todo
気象現象 名前 かっこいい,110,22,0,ネーミング系,名前 かっこいい,todo
ゾロリ 性格診断,90,22,0,暇つぶし系,性格診断,todo
サッカー ポジション 性格診断,90,22,0,暇つぶし系,性格診断,todo
ナゾナゾ博士 声優,50,22,0,暇つぶし系,なぞなぞ,todo
答えが 7になる 心理テスト,50,22,0,暇つぶし系,心理テスト,todo
心理テスト 長所,50,22,2,暇つぶし系,心理テスト,todo
脳トレ switch 効果,40,22,0,暇つぶし系,脳トレ,todo
プロ野球選手 二つ名,30,22,0,ネーミング系,二つ名,todo
脳トレ 193,30,22,0,暇つぶし系,脳トレ,todo
脳トレ 雑誌 ランキング,30,22,44,暇つぶし系,脳トレ,todo
心理テスト 本 大人,20,22,46,暇つぶし系,心理テスト,todo
脳トレ91,20,22,0,暇つぶし系,脳トレ,todo
脳トレ パズル 木製,20,22,98,暇つぶし系,脳トレ,todo
脳トレ クイズ 動画,20,22,0,暇つぶし系,脳トレ,todo
心理テスト 恋愛飲み物,20,22,0,暇つぶし系,心理テスト 恋愛,todo
心理テスト チャート 作り方,10,22,0,暇つぶし系,心理テスト,todo
心理テスト 恋愛 果物,10,22,0,暇つぶし系,心理テスト,todo
脳トレ スイッチ 効果,10,22,0,暇つぶし系,脳トレ,todo
脳トレ83,10,22,0,暇つぶし系,脳トレ,todo
脳トレレベル83,10,22,0,暇つぶし系,脳トレ,todo
7人目のスタンド使い 性格診断,10,22,0,暇つぶし系,性格診断,todo
塗り絵 性格診断,10,22,0,暇つぶし系,性格診断,todo
性格診断 ジャニーズ,10,22,0,暇つぶし系,性格診断,todo
性格診断 mbti 相関図,10,22,0,暇つぶし系,性格診断,todo
googleフォーム 性格診断,10,22,0,暇つぶし系,性格診断,todo
ギルド名 メーカー,390,23,0,ネーミング系,ギルド名,todo
おしゃれな 移動 販売 車,320,23,13,ネーミング系,id おしゃれ,todo
弓 名前 かっこいい,260,23,0,ネーミング系,名前 かっこいい,todo
神様 名前 かっこいい,210,23,0,ネーミング系,名前 かっこいい,todo
脳トレ 本 高齢者 人気,210,23,96,暇つぶし系,脳トレ,todo
鉱物 名前 かっこいい,170,23,0,ネーミング系,名前 かっこいい,todo
技名に使えそうな言葉,170,23,0,ネーミング系,技名,todo
心理テスト好きな人 イニシャル,140,23,0,暇つぶし系,心理テスト,todo
夜 がつく 名前 かっこいい,110,23,0,ネーミング系,名前 かっこいい,todo
脳トレ ゲーム機 高齢者,110,23,92,暇つぶし系,脳トレ,todo
脳トレ雑誌,110,23,81,暇つぶし系,脳トレ,todo
セリア パズル 脳トレ,110,23,27,暇つぶし系,脳トレ,todo
葬送のフリーレン 技名,90,23,0,ネーミング系,技名,todo
クラン名 かっこいい,90,23,0,ネーミング系,クラン名 かっこいい,todo
心理テスト 花,70,23,0,暇つぶし系,心理テスト,todo
心理テスト浮気度 4択,70,23,0,暇つぶし系,心理テスト,todo
音楽 ジャンル 性格診断,70,23,2,暇つぶし系,性格診断,todo
ドラクエ3 性格診断 セリフ,70,23,0,暇つぶし系,性格診断,todo
脳トレおもちゃ 大人,50,23,83,暇つぶし系,脳トレ,todo
かっこいい 二字熟語 厨二病,50,23,0,ネーミング系,二字熟語 かっこいい,todo
草野球 チーム名 かっこいい,50,23,0,ネーミング系,チーム名 かっこいい,todo
文字 性格診断 ひらがな,50,23,0,暇つぶし系,性格診断,todo
なぞなぞ 本 小学生 人気,40,23,98,暇つぶし系,なぞなぞ,todo
脳トレ本 60代,40,23,93,暇つぶし系,脳トレ,todo
366日 性格診断,40,23,1,暇つぶし系,性格診断,todo
3ds 脳トレ おすすめ,30,23,17,暇つぶし系,脳トレ,todo
脳トレ おもちゃ ランキング,30,23,75,暇つぶし系,脳トレ,todo
性格診断 毎回変わる,30,23,0,暇つぶし系,性格診断,todo
心理テスト 手のひら見せて,20,23,0,暇つぶし系,心理テスト,todo
心理テスト りんご,20,23,0,暇つぶし系,心理テスト,todo
心理テスト 数字 1から 11,20,23,0,暇つぶし系,心理テスト,todo
直感で選ぶ 心理テスト,20,23,0,暇つぶし系,心理テスト,todo
脳トレ73,20,23,0,暇つぶし系,脳トレ,todo
脳トレテレビゲーム,20,23,85,暇つぶし系,脳トレ,todo
脳トレ ボードゲーム おすすめ,20,23,88,暇つぶし系,脳トレ,todo
心理テスト 怖い話,10,23,0,暇つぶし系,心理テスト,todo
心理テスト 砂漠と聞いて,10,23,0,暇つぶし系,心理テスト,todo
0歳 脳トレ,10,23,60,暇つぶし系,脳トレ,todo
脳トレ ペン,10,23,0,暇つぶし系,脳トレ,todo
花 名前 かっこいい 漢字,10,23,0,ネーミング系,花 名前 かっこいい,todo
心理テスト 恋愛 飲み物に例えると,10,23,0,暇つぶし系,心理テスト 恋愛,todo
daigo 性格診断アプリ,10,23,5,暇つぶし系,性格診断,todo
脳トレ 法則 クイズ,10,23,0,暇つぶし系,脳トレ クイズ,todo
なぞなぞの本 小学生,480,24,92,暇つぶし系,なぞなぞ,todo
なぞなぞ本 小学生,480,24,92,暇つぶし系,なぞなぞ,todo
ギルド名 おしゃれ,210,24,0,ネーミング系,ギルド名,todo
脳トレ そろばん,140,24,17,暇つぶし系,脳トレ,todo
ウイスキー 名前 かっこいい,110,24,11,ネーミング系,名前 かっこいい,todo
世界樹の迷宮 ギルド名,110,24,0,ネーミング系,ギルド名,todo
脳トレ ルービックキューブ,110,24,11,暇つぶし系,脳トレ,todo
心理テスト ケーキ,90,24,0,暇つぶし系,心理テスト,todo
設備 屋 かっこいい 名前,70,24,0,ネーミング系,名前 かっこいい,todo
心理テスト 男性向け 際どい,70,24,0,暇つぶし系,心理テスト,todo
脳トレ 詰将棋,70,24,4,暇つぶし系,脳トレ,todo
ヒューマンエラー 心理テスト,50,24,1,暇つぶし系,心理テスト,todo
好きな 食べ物 心理テスト,50,24,0,暇つぶし系,心理テスト,todo
脳トレ wii,50,24,15,暇つぶし系,脳トレ,todo
脳トレ 朝礼,50,24,0,暇つぶし系,脳トレ,todo
心理テスト 彼女 本音,40,24,0,暇つぶし系,心理テスト,todo
ポイ活&懸賞マッチ3パズルゲーム - 暇つぶしゲーム 脳トレ,40,24,13,暇つぶし系,脳トレ,todo
心理テスト イラスト 何に見える,30,24,0,暇つぶし系,心理テスト,todo
脳トレ 絵を描く,30,24,5,暇つぶし系,脳トレ,todo
脳トレ 立体パズル,30,24,79,暇つぶし系,脳トレ,todo
正負の数 面白い問題,30,24,0,暇つぶし系,面白い問題,todo
脳トレテキスト,20,24,55,暇つぶし系,脳トレ,todo
性格診断トレカ,20,24,0,暇つぶし系,性格診断,todo
ルセラフィム 性格診断,20,24,0,暇つぶし系,性格診断,todo
心理テスト 蝶々,10,24,0,暇つぶし系,心理テスト,todo
心理テスト 画像 選ぶ,10,24,0,暇つぶし系,心理テスト,todo
脳トレ96,10,24,0,暇つぶし系,脳トレ,todo
脳トレ95,10,24,0,暇つぶし系,脳トレ,todo
脳トレ スイッチ 評価,10,24,0,暇つぶし系,脳トレ,todo
ニンテンドースイッチ 脳トレ 効果,10,24,0,暇つぶし系,脳トレ,todo
性格診断結果 変わる,10,24,0,暇つぶし系,性格診断,todo
性格診断 4色,10,24,0,暇つぶし系,性格診断,todo
性格診断 やる度に変わる,10,24,0,暇つぶし系,性格診断,todo
ポケモン 性格診断 mbti,10,24,0,暇つぶし系,性格診断,todo
ひっかけ問題 算数,480,25,1,暇つぶし系,ひっかけ問題,todo
ひっかけ問題 数学,320,25,0,暇つぶし系,ひっかけ問題,todo
自然 現象 名前 かっこいい,260,25,0,ネーミング系,名前 かっこいい,todo
心理テスト子ども,260,25,0,暇つぶし系,心理テスト,todo
心理テスト四択,260,25,0,暇つぶし系,心理テスト,todo
心理テスト 彼氏 本音,260,25,0,暇つぶし系,心理テスト,todo
りく 名前 かっこいい,210,25,0,ネーミング系,名前 かっこいい,todo
江戸 時代 名前 かっこいい,210,25,0,ネーミング系,名前 かっこいい,todo
ワンピース 技名一覧,210,25,0,ネーミング系,技名,todo
心理テスト 色 恋愛,210,25,0,暇つぶし系,心理テスト,todo
ペットボトル キャップ 脳トレ,170,25,0,暇つぶし系,脳トレ,todo
運送会社 名前 かっこいい,140,25,0,ネーミング系,名前 かっこいい,todo
蜘蛛 名前 かっこいい,140,25,0,ネーミング系,名前 かっこいい,todo
心理テスト 性格の悪さ 4択,140,25,0,暇つぶし系,心理テスト,todo
福岡 心理テストセンター,140,25,4,暇つぶし系,心理テスト,todo
脳トレ本 おすすめ,140,25,97,暇つぶし系,脳トレ,todo
脳トレドリル,140,25,90,暇つぶし系,脳トレ,todo
性格診断セブン,110,25,1,暇つぶし系,性格診断,todo
ドラクエ3 性格診断 当たる,110,25,0,暇つぶし系,性格診断,todo
蒸留 酒 名前 かっこいい,90,25,0,ネーミング系,名前 かっこいい,todo
心理テストフルーツ,70,25,0,暇つぶし系,心理テスト,todo
脳トレタブレット,70,25,78,暇つぶし系,脳トレ,todo
脳トレ 音読 プリント 無料,70,25,0,暇つぶし系,脳トレ,todo
性格診断カード,70,25,0,暇つぶし系,性格診断,todo
中国 人 名前 男性 かっこいい,50,25,0,ネーミング系,名前 かっこいい,todo
ギルド名 笑える,50,25,0,ネーミング系,ギルド名,todo
心理テスト 会社 朝礼,50,25,0,暇つぶし系,心理テスト,todo
脳トレ 小学生 高学年,50,25,12,暇つぶし系,脳トレ,todo
心理テスト 恋愛指,50,25,0,暇つぶし系,心理テスト 恋愛,todo
無職転生 技名,40,25,0,ネーミング系,技名,todo
ブルーロック 技名 一覧,40,25,0,ネーミング系,技名,todo
なぞなぞ本 小学生 低学年,40,25,94,暇つぶし系,なぞなぞ,todo
脳トレクイズ 本,40,25,92,暇つぶし系,脳トレ,todo
性格診断 おもしろ心理テスト,40,25,0,暇つぶし系,性格診断,todo
かっこいい星座 名前,30,25,0,ネーミング系,名前 かっこいい,todo
お風呂場の前にある 入浴剤 なぞなぞ,30,25,0,暇つぶし系,なぞなぞ,todo
脳トレ やりすぎ,30,25,0,暇つぶし系,脳トレ,todo
脳トレ 楽器,30,25,0,暇つぶし系,脳トレ,todo
脳トレクイズラボ 漢字,30,25,0,暇つぶし系,脳トレ,todo
心理テスト 面白い 何に見える,30,25,0,暇つぶし系,心理テスト 面白い,todo
恋愛 暗号 なぞなぞ,20,25,0,暇つぶし系,なぞなぞ,todo
心理テストえち,20,25,0,暇つぶし系,心理テスト,todo
心理テスト 絵を描く 家,20,25,0,暇つぶし系,心理テスト,todo
脳トレ塾,20,25,1,暇つぶし系,脳トレ,todo
脳トレ 鬼トレ,20,25,15,暇つぶし系,脳トレ,todo
ジグソーパズル 脳トレ 効果,20,25,1,暇つぶし系,脳トレ,todo
肉球 性格診断 猫,20,25,0,暇つぶし系,性格診断,todo
デイサービス 脳トレ なぞなぞ,10,25,0,暇つぶし系,なぞなぞ,todo
心理テスト 寂しがり屋,10,25,0,暇つぶし系,心理テスト,todo
心理テスト 授業で使える,10,25,0,暇つぶし系,心理テスト,todo
脳トレ 野菜の名前,10,25,0,暇つぶし系,脳トレ,todo
脳トレ バグ,10,25,0,暇つぶし系,脳トレ,todo
switch 脳トレ ペン,10,25,17,暇つぶし系,脳トレ,todo
脳トレ スイッチライト タッチペン,10,25,0,暇つぶし系,脳トレ,todo
パズルスパイ 脳トレ脱出ゲーム ポイ活,10,25,0,暇つぶし系,脳トレ,todo
脳トレ マッチ棒 図形,10,25,0,暇つぶし系,脳トレ,todo
脳トレ 玩具 大人,10,25,76,暇つぶし系,脳トレ,todo
性格診断 プーさん,10,25,0,暇つぶし系,性格診断,todo
グラビティ 性格診断 やり方,10,25,2,暇つぶし系,性格診断,todo
花火 名前 かっこいい,480,26,0,ネーミング系,名前 かっこいい,todo
デイサービス 脳トレホワイトボード,260,26,0,暇つぶし系,脳トレ,todo
かっこいい 鳥 の 名前,260,26,0,ネーミング系,鳥 名前 かっこいい,todo
卒業メッセージ 一言 かっこいい 四字熟語,260,26,0,ネーミング系,四字熟語 かっこいい,todo
discord サーバー名 おしゃれ,260,26,0,ネーミング系,サーバー名 おしゃれ,todo
名前 かっこいい 女,170,26,0,ネーミング系,名前 かっこいい,todo
しゅう 名前 かっこいい,170,26,0,ネーミング系,名前 かっこいい,todo
アメリカ 人 名前 かっこいい,170,26,0,ネーミング系,名前 かっこいい,todo
かっこいい 名前 ゲーム 和風,110,26,0,ネーミング系,名前 かっこいい,todo
駿 名前 かっこいい,110,26,0,ネーミング系,名前 かっこいい,todo
脳トレ クイズ 小学生,90,26,3,暇つぶし系,脳トレ,todo
デイサービス 脳トレ プリント,90,26,2,暇つぶし系,脳トレ,todo
ドラクエ3 性格診断 サイト,90,26,0,暇つぶし系,性格診断,todo
組織 名前 かっこいい,70,26,0,ネーミング系,名前 かっこいい,todo
焼酎 名前 かっこいい,70,26,4,ネーミング系,名前 かっこいい,todo
花 の 名前 英語 かっこいい,70,26,0,ネーミング系,名前 かっこいい,todo
かっこいい 花 の 名前 漢字 一文字,50,26,0,ネーミング系,名前 かっこいい,todo
脳トレ とんち文字クイズ 無料プリント,50,26,1,暇つぶし系,脳トレ,todo
グラビティ 性格診断やり直し,50,26,0,暇つぶし系,性格診断,todo
脳トレ ダイソー,40,26,17,暇つぶし系,脳トレ,todo
フェルミ推定 面白い問題,40,26,1,暇つぶし系,面白い問題,todo
プレゼント 欲しいもの 心理テスト,30,26,0,暇つぶし系,心理テスト,todo
脳トレ 手作り,30,26,0,暇つぶし系,脳トレ,todo
脳トレ 本 若者,30,26,55,暇つぶし系,脳トレ,todo
方程式 面白い問題,30,26,0,暇つぶし系,面白い問題,todo
英語 なぞなぞ 有名,20,26,0,暇つぶし系,なぞなぞ,todo
脳トレ156,20,26,0,暇つぶし系,脳トレ,todo
脳トレ 電卓,20,26,5,暇つぶし系,脳トレ,todo
性格診断新聞 恋愛,20,26,0,暇つぶし系,性格診断,todo
るろうに剣心 技名言わない,10,26,0,ネーミング系,技名,todo
心理テスト 旅行,10,26,0,暇つぶし系,心理テスト,todo
心理テスト 浮気度 女,10,26,0,暇つぶし系,心理テスト,todo
心理テスト 怖いもの,10,26,0,暇つぶし系,心理テスト,todo
心理テスト 未来予想,10,26,0,暇つぶし系,心理テスト,todo
脳トレ94,10,26,0,暇つぶし系,脳トレ,todo
switch lite 脳トレ,10,26,4,暇つぶし系,脳トレ,todo
脳トレクイズラボ 都道府県,10,26,0,暇つぶし系,脳トレ,todo
朝礼ネタ 脳トレ,10,26,0,暇つぶし系,脳トレ,todo
脳トレ switch トレーニング増やし方,10,26,0,暇つぶし系,脳トレ,todo
高齢者 脳トレ 雑誌,10,26,87,暇つぶし系,脳トレ,todo
性格診断 mbti ハリーポッター,10,26,0,暇つぶし系,性格診断,todo
性格診断 文字,320,27,0,暇つぶし系,性格診断,todo
台風 名前 かっこいい,260,27,0,ネーミング系,名前 かっこいい,todo
スプラトゥーン3 二つ名レア,260,27,0,ネーミング系,二つ名,todo
かっこいい ギルド名 一覧,260,27,0,ネーミング系,ギルド名,todo
なぞなぞすっきり,260,27,0,暇つぶし系,なぞなぞ,todo
心理テスト イメージカラー,260,27,0,暇つぶし系,心理テスト,todo
かっこいい 名前 アニメ カタカナ,210,27,0,ネーミング系,名前 かっこいい,todo
ギルド名 かわいい,210,27,0,ネーミング系,ギルド名,todo
心理テスト 小学生向け 面白い,210,27,0,暇つぶし系,心理テスト,todo
二字熟語 かっこいい スポーツ,210,27,0,ネーミング系,二字熟語 かっこいい,todo
二つ名 スプラ,170,27,0,ネーミング系,二つ名,todo
ギルド名 一覧,140,27,0,ネーミング系,ギルド名,todo
花 名前 かっこいい,140,27,0,ネーミング系,花 名前 かっこいい,todo
心理テスト夫婦,110,27,1,暇つぶし系,心理テスト,todo
好きな色がわかる 心理テスト,110,27,0,暇つぶし系,心理テスト,todo
ハンターハンター 念能力 性格診断,110,27,0,暇つぶし系,性格診断,todo
メダカ 名前 かっこいい,90,27,0,ネーミング系,名前 かっこいい,todo
将棋 技名,90,27,0,ネーミング系,技名,todo
心理テスト作り方,90,27,0,暇つぶし系,心理テスト,todo
心理テスト浮気度 男性 用,90,27,0,暇つぶし系,心理テスト,todo
脳トレ 意味ない,90,27,0,暇つぶし系,脳トレ,todo
かっこいい 花 の 名前 漢字 2 文字,70,27,0,ネーミング系,名前 かっこいい,todo
脳トレ都道府県クイズ,70,27,0,暇つぶし系,脳トレ,todo
脳トレ 東北大学,70,27,3,暇つぶし系,脳トレ,todo
心理テスト 将来,50,27,0,暇つぶし系,心理テスト,todo
脳トレ 読書,50,27,22,暇つぶし系,脳トレ,todo
英語 なぞなぞ4択,40,27,0,暇つぶし系,なぞなぞ,todo
脳トレダンス,40,27,0,暇つぶし系,脳トレ,todo
脳トレ ホワイトボード 問題,40,27,2,暇つぶし系,脳トレ,todo
70代男性 プレゼント 脳トレ,40,27,100,暇つぶし系,脳トレ,todo
性格診断 fとt,40,27,2,暇つぶし系,性格診断,todo
深層心理 潜在意識 テスト,40,27,9,暇つぶし系,深層心理 テスト,todo
高齢者 脳トレ 塗り絵 無料,30,27,0,暇つぶし系,脳トレ,todo
幸せ 四字熟語 かっこいい,30,27,0,ネーミング系,四字熟語 かっこいい,todo
性格診断チャート 作り方,30,27,1,暇つぶし系,性格診断,todo
性格診断 2択,30,27,2,暇つぶし系,性格診断,todo
ハンターハンター 念 性格診断,30,27,0,暇つぶし系,性格診断,todo
心理テスト 恐怖,20,27,0,暇つぶし系,心理テスト,todo
脳トレ川柳,20,27,21,暇つぶし系,脳トレ,todo
脳トレ 広テレ,20,27,0,暇つぶし系,脳トレ,todo
小学生 脳トレ 遊び,20,27,19,暇つぶし系,脳トレ,todo
理科 なぞなぞ 中学,10,27,1,暇つぶし系,なぞなぞ,todo
心理テスト 春,10,27,0,暇つぶし系,心理テスト,todo
心理テスト ヤバいやつ,10,27,0,暇つぶし系,心理テスト,todo
心理テスト 当たる 怖い 性格,10,27,0,暇つぶし系,心理テスト,todo
心理テスト 簡単 4択 恋愛,10,27,0,暇つぶし系,心理テスト,todo
心理テスト 一問一答 腹黒,10,27,0,暇つぶし系,心理テスト,todo
恋愛 心理テスト 浮気度,10,27,0,暇つぶし系,心理テスト,todo
心理テスト 数字 足し算,10,27,0,暇つぶし系,心理テスト,todo
心理テスト 名前 当てはめ 色,10,27,0,暇つぶし系,心理テスト,todo
脳トレねこポイ ポイ活,10,27,0,暇つぶし系,脳トレ,todo
脳トレ ネタ,10,27,0,暇つぶし系,脳トレ,todo
脳トレ ユザワヤ,10,27,24,暇つぶし系,脳トレ,todo
脳トレ 良問,10,27,0,暇つぶし系,脳トレ,todo
父の日 70代 脳トレ,10,27,0,暇つぶし系,脳トレ,todo
性格診断メーカー 免許証,10,27,0,暇つぶし系,性格診断,todo
性格診断 銀魂,10,27,0,暇つぶし系,性格診断,todo
アメリカ 性格診断 星座,10,27,0,暇つぶし系,性格診断,todo
グラビティ 性格診断 種類,10,27,0,暇つぶし系,性格診断,todo
なぞなぞの作り方,320,28,0,暇つぶし系,なぞなぞ,todo
心理テスト選択肢なし,260,28,0,暇つぶし系,心理テスト,todo
なぞなぞ6年生,210,28,0,暇つぶし系,なぞなぞ,todo
心理テスト 恋愛色,210,28,0,暇つぶし系,心理テスト 恋愛,todo
性格診断ゲーム switch,170,28,0,暇つぶし系,性格診断,todo
世界 一 かっこいい 名前,140,28,0,ネーミング系,名前 かっこいい,todo
技名 一覧,140,28,0,ネーミング系,技名,todo
教習所 ひっかけ問題,140,28,0,暇つぶし系,ひっかけ問題,todo
心理テスト未来,140,28,0,暇つぶし系,心理テスト,todo
脳トレ点つなぎ,140,28,25,暇つぶし系,脳トレ,todo
心理テスト 恋愛4択,140,28,0,暇つぶし系,心理テスト 恋愛,todo
免許 ひっかけ問題集,110,28,4,暇つぶし系,ひっかけ問題,todo
心理テスト 小学生向け 3択,110,28,0,暇つぶし系,心理テスト,todo
心理テスト 性格一問一答,110,28,0,暇つぶし系,心理テスト 性格,todo
脳トレ効果 ない,90,28,1,暇つぶし系,脳トレ,todo
じゃがりこ 性格診断 種類,90,28,0,暇つぶし系,性格診断,todo
心理テスト 選択肢あり,70,28,0,暇つぶし系,心理テスト,todo
心理テスト ビジネス,70,28,1,暇つぶし系,心理テスト,todo
パズルスパイ 脳トレ脱出ゲーム,70,28,0,暇つぶし系,脳トレ,todo
英語 単語一覧 かっこいい,70,28,1,ネーミング系,英語 かっこいい 単語,todo
かっこいい 英語 フレーズ 単語,70,28,0,ネーミング系,英語 かっこいい 単語,todo
ポケモン 性格診断 一覧,70,28,0,暇つぶし系,性格診断,todo
デイサービス 脳トレ クイズ,50,28,1,暇つぶし系,脳トレ クイズ,todo
心理テストえちえち,40,28,0,暇つぶし系,心理テスト,todo
占いtv 心理テスト,40,28,0,暇つぶし系,心理テスト,todo
脳トレ 歴史,30,28,3,暇つぶし系,脳トレ,todo
脳トレ 勉強,30,28,19,暇つぶし系,脳トレ,todo
廉 名前 かっこいい,20,28,0,ネーミング系,名前 かっこいい,todo
心理テスト問題集,20,28,0,暇つぶし系,心理テスト,todo
脳トレ スイッチライト,20,28,1,暇つぶし系,脳トレ,todo
脳トレ 時間帯,20,28,0,暇つぶし系,脳トレ,todo
脳トレ 中級,20,28,0,暇つぶし系,脳トレ,todo
性格診断 楽天家,20,28,1,暇つぶし系,性格診断,todo
性格診断 嫌い,20,28,0,暇つぶし系,性格診断,todo
性格診断 授業,20,28,0,暇つぶし系,性格診断,todo
飼い 猫 性格診断,20,28,0,暇つぶし系,性格診断,todo
コンサル 会社 かっこいい 名前,10,28,0,ネーミング系,名前 かっこいい,todo
心理テスト 雑誌,10,28,0,暇つぶし系,心理テスト,todo
心理テスト 面白い 自由回答 恋愛,10,28,0,暇つぶし系,心理テスト,todo
心理テスト選択肢なし 恋愛,10,28,0,暇つぶし系,心理テスト,todo
心理テスト 腹黒 一 問 一答,10,28,0,暇つぶし系,心理テスト,todo
心理テスト 本物,10,28,0,暇つぶし系,心理テスト,todo
心理テスト 画像 性格,10,28,0,暇つぶし系,心理テスト,todo
脳トレ wiki,10,28,0,暇つぶし系,脳トレ,todo
脳トレ 塗り絵 プリント,10,28,5,暇つぶし系,脳トレ,todo
高齢者 脳トレ無料プリント 塗り絵,10,28,0,暇つぶし系,脳トレ,todo
心理テスト 恋愛当てはめ,10,28,0,暇つぶし系,心理テスト 恋愛,todo
心理テスト 恋愛 浮気度,10,28,0,暇つぶし系,心理テスト 恋愛,todo
ドラクエ3 性格診断 頭脳明晰,10,28,0,暇つぶし系,性格診断,todo
東京 リベンジャー ズ 性格診断,10,28,0,暇つぶし系,性格診断,todo
性格診断 4タイプ ロジカル 診断,10,28,5,暇つぶし系,性格診断,todo
エゴグラム 性格診断 辛口,10,28,4,暇つぶし系,性格診断,todo
性格診断 フローチャート 作り方,10,28,0,暇つぶし系,性格診断,todo
性格診断 mbti 障害者,10,28,0,暇つぶし系,性格診断,todo
なぞなぞ作り方,320,29,0,暇つぶし系,なぞなぞ,todo
スプラ 二つ名面白い,260,29,0,ネーミング系,二つ名,todo
id かっこいい,260,29,0,ネーミング系,id かっこいい,todo
ロボット 名前 かっこいい,210,29,0,ネーミング系,名前 かっこいい,todo
漢字 人 文字 かっこいい 名前,210,29,0,ネーミング系,名前 かっこいい,todo
心理テスト腹黒,210,29,0,暇つぶし系,心理テスト,todo
なぞなぞ意地悪,170,29,0,暇つぶし系,なぞなぞ,todo
心理テスト浮気度,170,29,0,暇つぶし系,心理テスト,todo
デイサービスレクリエーション 脳トレ,170,29,6,暇つぶし系,脳トレ,todo
2 文字 かっこいい 名前,110,29,0,ネーミング系,名前 かっこいい,todo
ゲーム 名前 かっこいい 漢字,90,29,0,ネーミング系,名前 かっこいい,todo
ユーザーネーム 英語 おしゃれ,90,29,0,ネーミング系,ユーザーネーム おしゃれ,todo
x ポスト 性格診断,90,29,0,暇つぶし系,性格診断,todo
誕生日 性格診断 365日,90,29,1,暇つぶし系,性格診断,todo
日本酒 名前 かっこいい 漢字,70,29,0,ネーミング系,名前 かっこいい,todo
性格診断 文章,70,29,2,暇つぶし系,性格診断,todo
性格診断 有料,70,29,17,暇つぶし系,性格診断,todo
血液型 性格診断 根拠,70,29,0,暇つぶし系,性格診断,todo
高齢者 脳トレプリント 無料塗り絵,50,29,0,暇つぶし系,脳トレ,todo
名前 が かっこいい 職業,40,29,2,ネーミング系,名前 かっこいい,todo
中学入試 理科 面白い問題,40,29,0,暇つぶし系,面白い問題,todo
性格診断 nとs,40,29,0,暇つぶし系,性格診断,todo
呪術廻戦 技名 五条,30,29,0,ネーミング系,技名,todo
心理テスト 浮気度 女性 用,30,29,0,暇つぶし系,心理テスト,todo
サンリオ 性格診断 mbti,30,29,0,暇つぶし系,性格診断,todo
性格診断 誕生日 血液型,30,29,0,暇つぶし系,性格診断,todo
オーバーロード ギルド名,20,29,0,ネーミング系,ギルド名,todo
心理テスト高齢者,20,29,0,暇つぶし系,心理テスト,todo
心理テスト 作る サイト,20,29,1,暇つぶし系,心理テスト,todo
浮気度診断 心理テスト,20,29,0,暇つぶし系,心理テスト,todo
脳トレ ニンテンドースイッチ,20,29,51,暇つぶし系,脳トレ,todo
性格診断免許証 恋愛,20,29,0,暇つぶし系,性格診断,todo
性格診断 にじさんじ,20,29,0,暇つぶし系,性格診断,todo
性格診断 コロコロ 変わる,20,29,0,暇つぶし系,性格診断,todo
なぞなぞ 小学生 低学年 ひらがな,10,29,0,暇つぶし系,なぞなぞ,todo
簿記3級 ひっかけ問題,10,29,2,暇つぶし系,ひっかけ問題,todo
心理テスト ろうそく,10,29,0,暇つぶし系,心理テスト,todo
心理テスト 画像診断,10,29,0,暇つぶし系,心理テスト,todo
性格診断 ピンク,10,29,0,暇つぶし系,性格診断,todo
星座別 性格診断,10,29,0,暇つぶし系,性格診断,todo
なぞなぞ学校,390,30,3,暇つぶし系,なぞなぞ,todo
心理テスト精神科,320,30,2,暇つぶし系,心理テスト,todo
猫 かっこいい 名前,260,30,0,ネーミング系,名前 かっこいい,todo
なぞなぞ 低学年 おすすめ,260,30,9,暇つぶし系,なぞなぞ,todo
脳トレ川島,260,30,30,暇つぶし系,脳トレ,todo
心理テスト 面白い 簡単,210,30,0,暇つぶし系,心理テスト,todo
心理テスト問題,210,30,0,暇つぶし系,心理テスト,todo
なぞなぞいじわる,170,30,0,暇つぶし系,なぞなぞ,todo
なぞなぞ小学校1年生,140,30,3,暇つぶし系,なぞなぞ,todo
なぞなぞ クイズ イラスト,140,30,0,暇つぶし系,なぞなぞ,todo
脳トレ先生,110,30,3,暇つぶし系,脳トレ,todo
超 かっこいい 英語 単語,110,30,0,ネーミング系,英語 かっこいい 単語,todo
心理テスト友達関係,90,30,1,暇つぶし系,心理テスト,todo
心理テスト 小学生向け 簡単,90,30,0,暇つぶし系,心理テスト,todo
脳トレ線つなぎ,70,30,4,暇つぶし系,脳トレ,todo
性格診断9タイプ,70,30,16,暇つぶし系,性格診断,todo
性格診断 変わる,70,30,0,暇つぶし系,性格診断,todo
性格診断 芸術家,70,30,3,暇つぶし系,性格診断,todo
心理テスト例えると,50,30,0,暇つぶし系,心理テスト,todo
性格診断 作り方,50,30,0,暇つぶし系,性格診断,todo
性格診断 pとj,40,30,0,暇つぶし系,性格診断,todo
yes no チャート 性格診断,40,30,0,暇つぶし系,性格診断,todo
脳トレバラバラ 漢字,30,30,5,暇つぶし系,脳トレ,todo
かっこいい日本語 四字熟語,30,30,0,ネーミング系,四字熟語 かっこいい,todo
心理テスト 恋愛選択肢なし,30,30,0,暇つぶし系,心理テスト 恋愛,todo
脳トレ nバック,20,30,0,暇つぶし系,脳トレ,todo
性格診断 コントローラー,20,30,0,暇つぶし系,性格診断,todo
性格診断 矛盾,20,30,0,暇つぶし系,性格診断,todo
ぬいぐるみ 名前 かっこいい,10,30,0,ネーミング系,名前 かっこいい,todo
英語 なぞなぞ 集,10,30,0,暇つぶし系,なぞなぞ,todo
心理テスト 盛り上がる 恋愛 小学生,10,30,0,暇つぶし系,心理テスト,todo
心理テスト 盛り上がる 一問一答,10,30,0,暇つぶし系,心理テスト,todo
脳トレ フィットネス,10,30,0,暇つぶし系,脳トレ,todo
脳トレ トレーニング 増やし方,10,30,0,暇つぶし系,脳トレ,todo
恋愛体質 心理テスト,10,30,7,暇つぶし系,心理テスト 恋愛,todo
性格診断 バーナム効果,10,30,0,暇つぶし系,性格診断,todo
性格診断 パーソナルカラー,10,30,9,暇つぶし系,性格診断,todo
性格診断 情熱家,10,30,0,暇つぶし系,性格診断,todo
refind self 性格診断ゲーム プレイ時間,10,30,0,暇つぶし系,性格診断,todo
脳科学 性格診断,10,30,7,暇つぶし系,性格診断,todo
なぞなぞスッキリ,260,31,0,暇つぶし系,なぞなぞ,todo
心理テスト恋愛小学生,210,31,0,暇つぶし系,心理テスト,todo
心理テスト 深層心理 性格,210,31,0,暇つぶし系,心理テスト,todo
心理テスト 恋愛 片思い,210,31,1,暇つぶし系,心理テスト 恋愛,todo
高齢者 脳トレ プリント 計算,140,31,0,暇つぶし系,脳トレ,todo
ドラクエ3 性格診断 おすすめ,140,31,0,暇つぶし系,性格診断,todo
心理テスト 無料 面白い,110,31,2,暇つぶし系,心理テスト,todo
なぞなぞ 低学年 ひっかけ,90,31,1,暇つぶし系,なぞなぞ,todo
心理テスト性,70,31,0,暇つぶし系,心理テスト,todo
性格診断 うさぎ,70,31,0,暇つぶし系,性格診断,todo
性格診断 色分け,70,31,0,暇つぶし系,性格診断,todo
ジブリ 性格診断 16,70,31,2,暇つぶし系,性格診断,todo
peak 脳トレ 効果,50,31,0,暇つぶし系,脳トレ,todo
高校生 クイズ 面白い問題,50,31,0,暇つぶし系,面白い問題,todo
性格診断障害者,50,31,0,暇つぶし系,性格診断,todo
性格診断 4タイプ ロジカル 診断 無料,50,31,12,暇つぶし系,性格診断,todo
性格診断 mbti 黄色,50,31,0,暇つぶし系,性格診断,todo
性格診断ハンターハンター,40,31,0,暇つぶし系,性格診断,todo
心理テスト ジャンル,30,31,0,暇つぶし系,心理テスト,todo
心理テスト 天然 簡単,30,31,0,暇つぶし系,心理テスト,todo
脳トレ イラスト フリー,30,31,0,暇つぶし系,脳トレ,todo
性格診断 サンリオ,30,31,0,暇つぶし系,性格診断,todo
性格診断 ソシオニクス,30,31,1,暇つぶし系,性格診断,todo
投資 会社 かっこいい 名前,20,31,0,ネーミング系,名前 かっこいい,todo
心理テスト一途度,10,31,0,暇つぶし系,心理テスト,todo
心理テスト 恋愛 運命の人,10,31,5,暇つぶし系,心理テスト 恋愛,todo
性格診断 平和主義者,10,31,1,暇つぶし系,性格診断,todo
fps 性格診断,10,31,0,暇つぶし系,性格診断,todo
性格診断 エゴグラム,390,32,7,暇つぶし系,性格診断,todo
心理テスト一覧,210,32,0,暇つぶし系,心理テスト,todo
心理テスト簡単面白い,210,32,0,暇つぶし系,心理テスト,todo
脳トレ 老人,210,32,68,暇つぶし系,脳トレ,todo
かっこいい 色 の 名前 黒,170,32,0,ネーミング系,名前 かっこいい,todo
なぞなぞ 3歳 食べ物,170,32,0,暇つぶし系,なぞなぞ,todo
心理テスト有名,170,32,0,暇つぶし系,心理テスト,todo
心理テスト 面白い無料,110,32,2,暇つぶし系,心理テスト 面白い,todo
心理テスト裏の性格,70,32,0,暇つぶし系,心理テスト,todo
line アイコン 性格診断,70,32,0,暇つぶし系,性格診断,todo
心理テスト 盛り上がる恋愛 中学生,50,32,0,暇つぶし系,心理テスト,todo
脳トレ無料ゲーム 計算,50,32,30,暇つぶし系,脳トレ,todo
心理テスト書くやつ,40,32,0,暇つぶし系,心理テスト,todo
脳トレ キャラ,40,32,0,暇つぶし系,脳トレ,todo
脳トレ ピーク,30,32,8,暇つぶし系,脳トレ,todo
心理テスト一問,20,32,0,暇つぶし系,心理テスト,todo
脳トレ 最新,20,32,13,暇つぶし系,脳トレ,todo
心理テスト 恋愛依存度,20,32,5,暇つぶし系,心理テスト 恋愛,todo
競馬 二つ名ツインターボ,10,32,0,ネーミング系,二つ名,todo
小学生 向け なぞなぞ 問題 集,10,32,0,暇つぶし系,なぞなぞ,todo
心理テスト 足し算,10,32,0,暇つぶし系,心理テスト,todo
心理テスト mmpi,10,32,0,暇つぶし系,心理テスト,todo
心理テスト 恋愛 男性向け 片思い,10,32,0,暇つぶし系,心理テスト,todo
vita 脳トレ,10,32,3,暇つぶし系,脳トレ,todo
小学生 脳トレ プリント 無料,10,32,3,暇つぶし系,脳トレ,todo
ニンテンドースイッチライト 脳トレ,10,32,24,暇つぶし系,脳トレ,todo
性格診断謎 ヒント,10,32,0,暇つぶし系,性格診断,todo
性格診断 50問,10,32,2,暇つぶし系,性格診断,todo
性格診断 np,10,32,0,暇つぶし系,性格診断,todo
顔で 性格診断,480,33,0,暇つぶし系,性格診断,todo
心理テスト今の精神状態,390,33,14,暇つぶし系,心理テスト,todo
脳トレでためる,390,33,1,暇つぶし系,脳トレ,todo
基本 性格診断 モンスター,390,33,0,暇つぶし系,性格診断,todo
心理テストサイト,320,33,1,暇つぶし系,心理テスト,todo
性格診断 mbti 建築家,320,33,1,暇つぶし系,性格診断,todo
恋愛 性格診断 ちゃっかりうさぎ,320,33,0,暇つぶし系,性格診断,todo
なぞなぞ面白い問題,260,33,0,暇つぶし系,なぞなぞ,todo
心理テスト彼女,260,33,0,暇つぶし系,心理テスト,todo
心理テスト恋愛盛り上がる,260,33,0,暇つぶし系,心理テスト,todo
性格診断 mbti 仲介者,260,33,1,暇つぶし系,性格診断,todo
性格診断intp,260,33,20,暇つぶし系,性格診断,todo
性格診断中学生,260,33,9,暇つぶし系,性格診断,todo
性格診断討論者,260,33,1,暇つぶし系,性格診断,todo
性格診断論理学者,260,33,2,暇つぶし系,性格診断,todo
性格診断 就職,260,33,51,暇つぶし系,性格診断,todo
なぞなぞ 上級 引っ掛け,210,33,0,暇つぶし系,なぞなぞ,todo
心理テスト 性格 簡単,210,33,1,暇つぶし系,心理テスト,todo
mbti 心理テスト,210,33,19,暇つぶし系,心理テスト,todo
心理テスト簡単 性格,210,33,1,暇つぶし系,心理テスト,todo
脳トレ スマホ,210,33,19,暇つぶし系,脳トレ,todo
脳トレ 記憶力 アップ 無料,210,33,14,暇つぶし系,脳トレ,todo
性格診断 無料 生年月日,210,33,26,暇つぶし系,性格診断,todo
性格診断アプリ,210,33,18,暇つぶし系,性格診断,todo
性格診断wiki,210,33,0,暇つぶし系,性格診断,todo
性格診断entp,210,33,17,暇つぶし系,性格診断,todo
性格診断面接,210,33,29,暇つぶし系,性格診断,todo
性格診断 企業,210,33,42,暇つぶし系,性格診断,todo
性格診断mbti以外,210,33,9,暇つぶし系,性格診断,todo
就活 性格診断 落ちる,210,33,3,暇つぶし系,性格診断,todo
名前 ステッカー かっこいい,170,33,100,ネーミング系,名前 かっこいい,todo
二つ名パワー,170,33,0,ネーミング系,二つ名,todo
小学生 なぞなぞ 中学年,170,33,5,暇つぶし系,なぞなぞ,todo
心理テスト相性,170,33,0,暇つぶし系,心理テスト,todo
脳トレパズル 高齢者,170,33,66,暇つぶし系,脳トレ,todo
性格診断4タイプ,170,33,2,暇つぶし系,性格診断,todo
性格診断esfp,170,33,18,暇つぶし系,性格診断,todo
性格診断おすすめ,170,33,16,暇つぶし系,性格診断,todo
性格診断サイト,170,33,9,暇つぶし系,性格診断,todo
性格診断割合,170,33,2,暇つぶし系,性格診断,todo
性格診断 当たる 生年月日,170,33,23,暇つぶし系,性格診断,todo
性格診断 転職,170,33,82,暇つぶし系,性格診断,todo
適性検査 性格診断 例題,170,33,26,暇つぶし系,性格診断,todo
心理テスト 当たる 無料,140,33,8,暇つぶし系,心理テスト,todo
脳トレ ブロック アプリ 無料,140,33,53,暇つぶし系,脳トレ,todo
脳トレ 暗算 数学 計算,140,33,3,暇つぶし系,脳トレ,todo
性格診断 無料 簡単,140,33,26,暇つぶし系,性格診断,todo
性格診断人気,140,33,14,暇つぶし系,性格診断,todo
性格診断無料当たる,140,33,41,暇つぶし系,性格診断,todo
性格診断履歴書,140,33,3,暇つぶし系,性格診断,todo
性格診断 当たる 無料,140,33,33,暇つぶし系,性格診断,todo
性格診断 webテスト,140,33,22,暇つぶし系,性格診断,todo
性格診断生年月日 血液型,140,33,1,暇つぶし系,性格診断,todo
名前でわかる 性格診断,140,33,0,暇つぶし系,性格診断,todo
心理テスト カップル用,110,33,0,暇つぶし系,心理テスト,todo
心理テストキャラクター,110,33,0,暇つぶし系,心理テスト,todo
脳トレキッズ,110,33,1,暇つぶし系,脳トレ,todo
脳トレ peak,110,33,5,暇つぶし系,脳トレ,todo
性格診断チャート,110,33,2,暇つぶし系,性格診断,todo
ユング 性格診断 16,110,33,17,暇つぶし系,性格診断,todo
心理テスト鬱,90,33,14,暇つぶし系,心理テスト,todo
心理テストドットコム,90,33,1,暇つぶし系,心理テスト,todo
心理テスト 恋愛 占い,90,33,0,暇つぶし系,心理テスト 恋愛,todo
性格診断テスト 簡単,90,33,10,暇つぶし系,性格診断,todo
性格診断100問,90,33,4,暇つぶし系,性格診断,todo
性格診断クイズ,90,33,4,暇つぶし系,性格診断,todo
性格診断フローチャート,90,33,0,暇つぶし系,性格診断,todo
性格診断短い,90,33,3,暇つぶし系,性格診断,todo
性格診断 16タイプ 相性,90,33,0,暇つぶし系,性格診断,todo
性格診断 適職,90,33,54,暇つぶし系,性格診断,todo
性格診断 名前 生年月日,90,33,25,暇つぶし系,性格診断,todo
性格診断 自己分析,90,33,58,暇つぶし系,性格診断,todo
性格診断 小学生向け,90,33,0,暇つぶし系,性格診断,todo
性格診断 生年月日 名前,90,33,25,暇つぶし系,性格診断,todo
名前 性格診断 恋愛,90,33,14,暇つぶし系,性格診断,todo
なぞなぞクイズ 答え付き 小学生,70,33,0,暇つぶし系,なぞなぞ,todo
心理テスト選択,70,33,0,暇つぶし系,心理テスト,todo
心理テスト 誕生日,70,33,0,暇つぶし系,心理テスト,todo
恋愛 心理テスト タイプ,70,33,0,暇つぶし系,心理テスト,todo
脳トレ ソリティア,70,33,8,暇つぶし系,脳トレ,todo
性格診断テスト 種類,70,33,3,暇つぶし系,性格診断,todo
性格診断 恋愛 相性,70,33,5,暇つぶし系,性格診断,todo
性格診断 生年 月 日 血液型 無料,70,33,6,暇つぶし系,性格診断,todo
性格診断 f,70,33,0,暇つぶし系,性格診断,todo
性格診断相性一覧,70,33,0,暇つぶし系,性格診断,todo
性格診断 当たる 細かい,70,33,17,暇つぶし系,性格診断,todo
性格診断 相性 恋愛,70,33,1,暇つぶし系,性格診断,todo
脳トレ 記憶力 問題,50,33,11,暇つぶし系,脳トレ,todo
心理テスト 恋愛彼氏,50,33,0,暇つぶし系,心理テスト 恋愛,todo
無料 性格診断テスト 相性,50,33,0,暇つぶし系,性格診断,todo
採用 性格診断 無料,50,33,69,暇つぶし系,性格診断,todo
車の運転 性格診断,50,33,0,暇つぶし系,性格診断,todo
性格診断多い順,40,33,0,暇つぶし系,性格診断,todo
性格診断ハリーポッター,40,33,0,暇つぶし系,性格診断,todo
性格診断マザーテレサ,40,33,0,暇つぶし系,性格診断,todo
性格診断 ドライバー,40,33,2,暇つぶし系,性格診断,todo
英語 なぞなぞ 簡単 小学生,30,33,5,暇つぶし系,なぞなぞ,todo
脳トレランキング,30,33,18,暇つぶし系,脳トレ,todo
脳トレ 20代,30,33,19,暇つぶし系,脳トレ,todo
脳トレ 中学生 プリント,30,33,0,暇つぶし系,脳トレ,todo
数学 面白い問題 中学生,30,33,7,暇つぶし系,面白い問題,todo
性格診断 簡単 小学生,30,33,0,暇つぶし系,性格診断,todo
性格診断見方,30,33,0,暇つぶし系,性格診断,todo
性格診断 水色,30,33,0,暇つぶし系,性格診断,todo
性格診断 big5,30,33,19,暇つぶし系,性格診断,todo
逆張り 性格診断,30,33,1,暇つぶし系,性格診断,todo
性格診断 英語4文字,30,33,6,暇つぶし系,性格診断,todo
性格診断 建築家 女性,30,33,0,暇つぶし系,性格診断,todo
性格診断 人気 ランキング,30,33,1,暇つぶし系,性格診断,todo
性格診断 mbti 見方,30,33,0,暇つぶし系,性格診断,todo
sns id おしゃれ,20,33,0,ネーミング系,id おしゃれ,todo
心理テストパーセント,20,33,0,暇つぶし系,心理テスト,todo
脳トレ記憶力 高齢者,20,33,16,暇つぶし系,脳トレ,todo
性格診断 主人公 有名人,20,33,0,暇つぶし系,性格診断,todo
性格診断トライ,20,33,0,暇つぶし系,性格診断,todo
適性検査 性格診断だけ,20,33,24,暇つぶし系,性格診断,todo
性格診断プロフィール,20,33,0,暇つぶし系,性格診断,todo
性格診断 6タイプ,20,33,2,暇つぶし系,性格診断,todo
性格診断 60問,20,33,1,暇つぶし系,性格診断,todo
性格診断 木の絵,20,33,0,暇つぶし系,性格診断,todo
性格診断 有名人,20,33,0,暇つぶし系,性格診断,todo
性格診断 四文字,20,33,12,暇つぶし系,性格診断,todo
性格診断 四字熟語,20,33,0,暇つぶし系,性格診断,todo
性格診断 レア,20,33,3,暇つぶし系,性格診断,todo
性格診断 n型,20,33,5,暇つぶし系,性格診断,todo
性格診断 nf,20,33,1,暇つぶし系,性格診断,todo
性格診断 mbti 主人公 有名人,20,33,0,暇つぶし系,性格診断,todo
性格診断 緑の人,20,33,5,暇つぶし系,性格診断,todo
性格診断 mbti 芸能人,20,33,0,暇つぶし系,性格診断,todo
心理テスト 通話,10,33,0,暇つぶし系,心理テスト,todo
性格診断 心理テスト 簡単,10,33,5,暇つぶし系,心理テスト,todo
心理テスト アプリ カップル,10,33,5,暇つぶし系,心理テスト,todo
向いてる仕事 心理テスト 中学生,10,33,0,暇つぶし系,心理テスト,todo
彼氏 心理テスト 本音,10,33,0,暇つぶし系,心理テスト,todo
心理テスト メンタルの強さ,10,33,0,暇つぶし系,心理テスト,todo
脳トレ 図形数量,10,33,1,暇つぶし系,脳トレ,todo
脳トレ 英語 ゲーム,10,33,10,暇つぶし系,脳トレ,todo
switch 脳トレ 数独 上級,10,33,0,暇つぶし系,脳トレ,todo
心理テスト 恋愛 片思い 女性,10,33,0,暇つぶし系,心理テスト 恋愛,todo
性格診断 恋愛 簡単,10,33,4,暇つぶし系,性格診断,todo
性格診断検査 公務員,10,33,0,暇つぶし系,性格診断,todo
性格診断レポート,10,33,8,暇つぶし系,性格診断,todo
性格診断 7,10,33,0,暇つぶし系,性格診断,todo
性格診断 モチラボ,10,33,0,暇つぶし系,性格診断,todo
性格診断 類型,10,33,0,暇つぶし系,性格診断,todo
性格診断 木,10,33,0,暇つぶし系,性格診断,todo
性格診断 芸術家タイプ,10,33,9,暇つぶし系,性格診断,todo
性格診断 武将,10,33,0,暇つぶし系,性格診断,todo
性格診断生年月日 ゲッターズ,10,33,12,暇つぶし系,性格診断,todo
血液型別 性格診断,10,33,0,暇つぶし系,性格診断,todo
性格診断 正確性,10,33,0,暇つぶし系,性格診断,todo
性格診断 mbti マッチングアプリ,10,33,36,暇つぶし系,性格診断,todo
性格診断 mbti 有料,10,33,31,暇つぶし系,性格診断,todo
性格診断 主人公 芸能人,10,33,0,暇つぶし系,性格診断,todo
性格診断 男性向け,10,33,31,暇つぶし系,性格診断,todo
性格診断 mbti 分布,10,33,0,暇つぶし系,性格診断,todo
