id,keyword,volume,difficulty,competition,cluster,status,slug,posted_at
1,心理テスト 動物 捨てる 7 匹,70,13,0,暇つぶし系,done,心理テスト-動物-捨てる-7-匹,2026-06-20
2,性格診断 論文,30,13,0,暇つぶし系,done,性格診断-論文,2026-06-20
3,嵐 性格診断 vs嵐,10,13,0,暇つぶし系,done,嵐-性格診断-vs嵐,2026-06-20
4,月曜から夜ふかし 心理テスト 四字熟語,50,15,0,暇つぶし系,todo,,
5,惑星 名前 かっこいい,390,16,0,ネーミング系,todo,,
6,ドラゴン 名前 かっこいい,320,16,0,ネーミング系,todo,,
7,ドイツ 名前 かっこいい,320,16,0,ネーミング系,todo,,
8,心理テスト パスタ,20,16,0,暇つぶし系,todo,,
9,あ ぎょうさん なぞなぞ 答え,10,16,0,暇つぶし系,todo,,
10,ユング 性格診断 8 タイプ,10,16,6,暇つぶし系,todo,,
11,岡田斗司夫 性格診断 mbti,10,16,0,暇つぶし系,todo,,
12,心理テスト月曜から夜ふかし,480,17,0,暇つぶし系,todo,,
13,なぞなぞ 100 キーホルダー,110,17,17,暇つぶし系,todo,,
14,運動会 スローガン 四字熟語 かっこいい,70,17,0,ネーミング系,todo,,
15,競馬 二つ名最近,40,17,0,ネーミング系,todo,,
16,競馬 二つ名 なんj,30,17,0,ネーミング系,todo,,
17,心理テスト 腕の組み方,10,17,0,暇つぶし系,todo,,
18,座談会 心理テスト,10,17,0,暇つぶし系,todo,,
19,狐 名前 かっこいい,320,18,0,ネーミング系,todo,,
20,プロレス 技名,260,18,0,ネーミング系,todo,,
21,蛇 名前 かっこいい,210,18,0,ネーミング系,todo,,
22,なぞなぞ 朝は4本昼は2本夜は3本,140,18,0,暇つぶし系,todo,,
23,野球 ポジション 性格診断,110,18,0,暇つぶし系,todo,,
24,なぞなぞえほん,90,18,70,暇つぶし系,todo,,
25,なぞなぞ の 本 キーホルダー,40,18,5,暇つぶし系,todo,,
26,脳トレ ピアノ 楽譜,40,18,3,暇つぶし系,todo,,
27,競馬 二つ名 クイズ,30,18,0,ネーミング系,todo,,
28,恭平 名前 かっこいい,20,18,0,ネーミング系,todo,,
29,心理テスト1412,20,18,8,暇つぶし系,todo,,
30,心理テスト キューブ,20,18,0,暇つぶし系,todo,,
31,念能力 性格診断 ヒソカ,20,18,0,暇つぶし系,todo,,
32,心理テスト ラーメンズ,10,18,0,暇つぶし系,todo,,
33,心理テスト 助ける 順番,10,18,0,暇つぶし系,todo,,
34,チーム名 かっこいい 英語,390,19,0,ネーミング系,todo,,
35,メカ丸 技名,260,19,0,ネーミング系,todo,,
36,なぞなぞのみせ,260,19,37,暇つぶし系,todo,,
37,ラテン語 かっこいい フレーズ,260,19,0,ネーミング系,todo,,
38,かっこいい 心に響く 漢字 一文字,260,19,0,ネーミング系,todo,,
39,なぞなぞかるた,210,19,28,暇つぶし系,todo,,
40,心理テスト本 小学生,140,19,37,暇つぶし系,todo,,
41,ドラクエ11 なぞなぞ 答え,110,19,0,暇つぶし系,todo,,
42,なぞなぞマンかよぉ,70,19,0,暇つぶし系,todo,,
43,脳トレ 積み木,70,19,88,暇つぶし系,todo,,
44,脳トレ ダスキン,30,19,1,暇つぶし系,todo,,
45,ハンターハンター ヒソカ 性格診断,30,19,0,暇つぶし系,todo,,
46,心理テスト本 中学生,20,19,51,暇つぶし系,todo,,
47,ホロライブ 性格診断 まとめ,20,19,0,暇つぶし系,todo,,
48,心理テスト にんじん,10,19,0,暇つぶし系,todo,,
49,性格診断 ゴリラ,10,19,0,暇つぶし系,todo,,
50,車の色 性格診断,10,19,0,暇つぶし系,todo,,
51,星 の 名前 かっこいい 和 名,170,20,0,ネーミング系,todo,,
52,ドラクエ 主人公 名前 かっこいい,140,20,0,ネーミング系,todo,,
53,ハンターハンター 技名 ダサい,140,20,0,ネーミング系,todo,,
54,なぞなぞみたいに地球儀を解き明かしたら,110,20,0,暇つぶし系,todo,,
55,ギリシャ 名前 かっこいい,90,20,0,ネーミング系,todo,,
56,脳トレ玩具,40,20,100,暇つぶし系,todo,,
57,ペン回し 技名,30,20,0,ネーミング系,todo,,
58,脳トレ タッチペン,20,20,13,暇つぶし系,todo,,
59,性格診断 相関図,20,20,0,暇つぶし系,todo,,
60,性格診断 mbti アニメキャラ,20,20,0,暇つぶし系,todo,,
61,ポケモン不思議のダンジョン 性格診断,20,20,0,暇つぶし系,todo,,
62,ハンターハンター 技名 元ネタ,10,20,0,ネーミング系,todo,,
63,デク デコピン 技名,10,20,0,ネーミング系,todo,,
64,たべっ子どうぶつ なぞなぞブック,10,20,36,暇つぶし系,todo,,
65,心理テストフォーエイト,10,20,0,暇つぶし系,todo,,
66,心理テスト 異性を 当てはめる 曜日,10,20,0,暇つぶし系,todo,,
67,脳トレ358,10,20,0,暇つぶし系,todo,,
68,脳トレ 86,10,20,0,暇つぶし系,todo,,
69,ペン習字 脳トレ,10,20,71,暇つぶし系,todo,,
70,ドイツ 女性 名前 かっこいい,140,21,0,ネーミング系,todo,,
71,馨 名前 かっこいい,110,21,0,ネーミング系,todo,,
72,花 二字熟語 かっこいい,70,21,0,ネーミング系,todo,,
73,なぞなぞ仮面 フブキ,40,21,0,暇つぶし系,todo,,
74,心理テスト 小学生向け 絵,30,21,2,暇つぶし系,todo,,
75,天声人語書き写しノート 脳トレ版,30,21,57,暇つぶし系,todo,,
76,脳トレ スイッチ 中古,20,21,49,暇つぶし系,todo,,
77,性格診断 類人猿,20,21,0,暇つぶし系,todo,,
78,性格診断 ボノボ,20,21,0,暇つぶし系,todo,,
79,心理テスト 足し算 7,10,21,0,暇つぶし系,todo,,
80,心理テスト 標準化,10,21,0,暇つぶし系,todo,,
81,心理テスト 砂漠 飛行機,10,21,0,暇つぶし系,todo,,
82,脳トレ76,10,21,0,暇つぶし系,todo,,
83,脳トレ 84,10,21,0,暇つぶし系,todo,,
84,ルービックキューブ 脳トレ 大人,10,21,36,暇つぶし系,todo,,
85,ヒューマンエラー 性格診断,10,21,5,暇つぶし系,todo,,
86,ヒョンジン 性格診断,10,21,0,暇つぶし系,todo,,
87,ジャニーズwest 性格診断,10,21,0,暇つぶし系,todo,,
88,外国 人 かっこいい 名前 フルネーム,390,22,0,ネーミング系,todo,,
89,かっこいい アニメ キャラ の 名前,390,22,0,ネーミング系,todo,,
90,二人の男性で迷った時 心理テスト,390,22,2,暇つぶし系,todo,,
91,中国 かっこいい 名前,260,22,0,ネーミング系,todo,,
92,ペルソナ4 なぞなぞ,260,22,0,暇つぶし系,todo,,
93,脳トレぬりえ,210,22,40,暇つぶし系,todo,,
94,僧侶 名前 かっこいい,170,22,0,ネーミング系,todo,,
95,銀河 名前 かっこいい,170,22,0,ネーミング系,todo,,
96,ギルド名 和風,170,22,0,ネーミング系,todo,,
97,白ひげ 技名,170,22,0,ネーミング系,todo,,
98,神話 名前 かっこいい,170,22,0,ネーミング系,todo,,
99,気象現象 名前 かっこいい,110,22,0,ネーミング系,todo,,
100,ゾロリ 性格診断,90,22,0,暇つぶし系,todo,,
101,サッカー ポジション 性格診断,90,22,0,暇つぶし系,todo,,
102,ナゾナゾ博士 声優,50,22,0,暇つぶし系,todo,,
103,答えが 7になる 心理テスト,50,22,0,暇つぶし系,todo,,
104,心理テスト 長所,50,22,2,暇つぶし系,todo,,
105,脳トレ switch 効果,40,22,0,暇つぶし系,todo,,
106,プロ野球選手 二つ名,30,22,0,ネーミング系,todo,,
107,脳トレ 193,30,22,0,暇つぶし系,todo,,
108,脳トレ 雑誌 ランキング,30,22,44,暇つぶし系,todo,,
109,心理テスト 本 大人,20,22,46,暇つぶし系,todo,,
110,脳トレ91,20,22,0,暇つぶし系,todo,,
111,脳トレ パズル 木製,20,22,98,暇つぶし系,todo,,
112,脳トレ クイズ 動画,20,22,0,暇つぶし系,todo,,
113,心理テスト 恋愛飲み物,20,22,0,暇つぶし系,todo,,
114,心理テスト チャート 作り方,10,22,0,暇つぶし系,todo,,
115,心理テスト 恋愛 果物,10,22,0,暇つぶし系,todo,,
116,脳トレ スイッチ 効果,10,22,0,暇つぶし系,todo,,
117,脳トレ83,10,22,0,暇つぶし系,todo,,
118,脳トレレベル83,10,22,0,暇つぶし系,todo,,
119,7人目のスタンド使い 性格診断,10,22,0,暇つぶし系,todo,,
120,塗り絵 性格診断,10,22,0,暇つぶし系,todo,,
121,性格診断 ジャニーズ,10,22,0,暇つぶし系,todo,,
122,性格診断 mbti 相関図,10,22,0,暇つぶし系,todo,,
123,googleフォーム 性格診断,10,22,0,暇つぶし系,todo,,
124,ギルド名 メーカー,390,23,0,ネーミング系,todo,,
125,弓 名前 かっこいい,260,23,0,ネーミング系,todo,,
126,神様 名前 かっこいい,210,23,0,ネーミング系,todo,,
127,脳トレ 本 高齢者 人気,210,23,96,暇つぶし系,todo,,
128,鉱物 名前 かっこいい,170,23,0,ネーミング系,todo,,
129,技名に使えそうな言葉,170,23,0,ネーミング系,todo,,
130,心理テスト好きな人 イニシャル,140,23,0,暇つぶし系,todo,,
131,夜 がつく 名前 かっこいい,110,23,0,ネーミング系,todo,,
132,脳トレ ゲーム機 高齢者,110,23,92,暇つぶし系,todo,,
133,脳トレ雑誌,110,23,81,暇つぶし系,todo,,
134,セリア パズル 脳トレ,110,23,27,暇つぶし系,todo,,
135,葬送のフリーレン 技名,90,23,0,ネーミング系,todo,,
136,クラン名 かっこいい,90,23,0,ネーミング系,todo,,
137,心理テスト 花,70,23,0,暇つぶし系,todo,,
138,心理テスト浮気度 4択,70,23,0,暇つぶし系,todo,,
139,音楽 ジャンル 性格診断,70,23,2,暇つぶし系,todo,,
140,ドラクエ3 性格診断 セリフ,70,23,0,暇つぶし系,todo,,
141,脳トレおもちゃ 大人,50,23,83,暇つぶし系,todo,,
142,かっこいい 二字熟語 厨二病,50,23,0,ネーミング系,todo,,
143,草野球 チーム名 かっこいい,50,23,0,ネーミング系,todo,,
144,文字 性格診断 ひらがな,50,23,0,暇つぶし系,todo,,
145,なぞなぞ 本 小学生 人気,40,23,98,暇つぶし系,todo,,
146,脳トレ本 60代,40,23,93,暇つぶし系,todo,,
147,366日 性格診断,40,23,1,暇つぶし系,todo,,
148,3ds 脳トレ おすすめ,30,23,17,暇つぶし系,todo,,
149,脳トレ おもちゃ ランキング,30,23,75,暇つぶし系,todo,,
150,性格診断 毎回変わる,30,23,0,暇つぶし系,todo,,
151,心理テスト 手のひら見せて,20,23,0,暇つぶし系,todo,,
152,心理テスト りんご,20,23,0,暇つぶし系,todo,,
153,心理テスト 数字 1から 11,20,23,0,暇つぶし系,todo,,
154,直感で選ぶ 心理テスト,20,23,0,暇つぶし系,todo,,
155,脳トレ73,20,23,0,暇つぶし系,todo,,
156,脳トレテレビゲーム,20,23,85,暇つぶし系,todo,,
157,脳トレ ボードゲーム おすすめ,20,23,88,暇つぶし系,todo,,
158,心理テスト 怖い話,10,23,0,暇つぶし系,todo,,
159,心理テスト 砂漠と聞いて,10,23,0,暇つぶし系,todo,,
160,0歳 脳トレ,10,23,60,暇つぶし系,todo,,
161,脳トレ ペン,10,23,0,暇つぶし系,todo,,
162,花 名前 かっこいい 漢字,10,23,0,ネーミング系,todo,,
163,心理テスト 恋愛 飲み物に例えると,10,23,0,暇つぶし系,todo,,
164,daigo 性格診断アプリ,10,23,5,暇つぶし系,todo,,
165,脳トレ 法則 クイズ,10,23,0,暇つぶし系,todo,,
166,なぞなぞの本 小学生,480,24,92,暇つぶし系,todo,,
167,なぞなぞ本 小学生,480,24,92,暇つぶし系,todo,,
168,ギルド名 おしゃれ,210,24,0,ネーミング系,todo,,
169,脳トレ そろばん,140,24,17,暇つぶし系,todo,,
170,ウイスキー 名前 かっこいい,110,24,11,ネーミング系,todo,,
171,世界樹の迷宮 ギルド名,110,24,0,ネーミング系,todo,,
172,脳トレ ルービックキューブ,110,24,11,暇つぶし系,todo,,
173,心理テスト ケーキ,90,24,0,暇つぶし系,todo,,
174,設備 屋 かっこいい 名前,70,24,0,ネーミング系,todo,,
175,心理テスト 男性向け 際どい,70,24,0,暇つぶし系,todo,,
176,脳トレ 詰将棋,70,24,4,暇つぶし系,todo,,
177,ヒューマンエラー 心理テスト,50,24,1,暇つぶし系,todo,,
178,好きな 食べ物 心理テスト,50,24,0,暇つぶし系,todo,,
179,脳トレ wii,50,24,15,暇つぶし系,todo,,
180,脳トレ 朝礼,50,24,0,暇つぶし系,todo,,
181,心理テスト 彼女 本音,40,24,0,暇つぶし系,todo,,
182,ポイ活&懸賞マッチ3パズルゲーム - 暇つぶしゲーム 脳トレ,40,24,13,暇つぶし系,todo,,
183,心理テスト イラスト 何に見える,30,24,0,暇つぶし系,todo,,
184,脳トレ 絵を描く,30,24,5,暇つぶし系,todo,,
185,脳トレ 立体パズル,30,24,79,暇つぶし系,todo,,
186,正負の数 面白い問題,30,24,0,暇つぶし系,todo,,
187,脳トレテキスト,20,24,55,暇つぶし系,todo,,
188,性格診断トレカ,20,24,0,暇つぶし系,todo,,
189,ルセラフィム 性格診断,20,24,0,暇つぶし系,todo,,
190,心理テスト 蝶々,10,24,0,暇つぶし系,todo,,
191,心理テスト 画像 選ぶ,10,24,0,暇つぶし系,todo,,
192,脳トレ96,10,24,0,暇つぶし系,todo,,
193,脳トレ95,10,24,0,暇つぶし系,todo,,
194,脳トレ スイッチ 評価,10,24,0,暇つぶし系,todo,,
195,ニンテンドースイッチ 脳トレ 効果,10,24,0,暇つぶし系,todo,,
196,性格診断結果 変わる,10,24,0,暇つぶし系,todo,,
197,性格診断 4色,10,24,0,暇つぶし系,todo,,
198,性格診断 やる度に変わる,10,24,0,暇つぶし系,todo,,
199,ポケモン 性格診断 mbti,10,24,0,暇つぶし系,todo,,
200,ひっかけ問題 算数,480,25,1,暇つぶし系,todo,,
201,ひっかけ問題 数学,320,25,0,暇つぶし系,todo,,
202,自然 現象 名前 かっこいい,260,25,0,ネーミング系,todo,,
203,心理テスト子ども,260,25,0,暇つぶし系,todo,,
204,心理テスト四択,260,25,0,暇つぶし系,todo,,
205,心理テスト 彼氏 本音,260,25,0,暇つぶし系,todo,,
206,りく 名前 かっこいい,210,25,0,ネーミング系,todo,,
207,江戸 時代 名前 かっこいい,210,25,0,ネーミング系,todo,,
208,ワンピース 技名一覧,210,25,0,ネーミング系,todo,,
209,心理テスト 色 恋愛,210,25,0,暇つぶし系,todo,,
210,ペットボトル キャップ 脳トレ,170,25,0,暇つぶし系,todo,,
211,運送会社 名前 かっこいい,140,25,0,ネーミング系,todo,,
212,蜘蛛 名前 かっこいい,140,25,0,ネーミング系,todo,,
213,心理テスト 性格の悪さ 4択,140,25,0,暇つぶし系,todo,,
214,福岡 心理テストセンター,140,25,4,暇つぶし系,todo,,
215,脳トレ本 おすすめ,140,25,97,暇つぶし系,todo,,
216,脳トレドリル,140,25,90,暇つぶし系,todo,,
217,性格診断セブン,110,25,1,暇つぶし系,todo,,
218,ドラクエ3 性格診断 当たる,110,25,0,暇つぶし系,todo,,
219,蒸留 酒 名前 かっこいい,90,25,0,ネーミング系,todo,,
220,心理テストフルーツ,70,25,0,暇つぶし系,todo,,
221,脳トレタブレット,70,25,78,暇つぶし系,todo,,
222,脳トレ 音読 プリント 無料,70,25,0,暇つぶし系,todo,,
223,性格診断カード,70,25,0,暇つぶし系,todo,,
224,中国 人 名前 男性 かっこいい,50,25,0,ネーミング系,todo,,
225,ギルド名 笑える,50,25,0,ネーミング系,todo,,
226,心理テスト 会社 朝礼,50,25,0,暇つぶし系,todo,,
227,脳トレ 小学生 高学年,50,25,12,暇つぶし系,todo,,
228,心理テスト 恋愛指,50,25,0,暇つぶし系,todo,,
229,無職転生 技名,40,25,0,ネーミング系,todo,,
230,ブルーロック 技名 一覧,40,25,0,ネーミング系,todo,,
231,なぞなぞ本 小学生 低学年,40,25,94,暇つぶし系,todo,,
232,脳トレクイズ 本,40,25,92,暇つぶし系,todo,,
233,性格診断 おもしろ心理テスト,40,25,0,暇つぶし系,todo,,
234,かっこいい星座 名前,30,25,0,ネーミング系,todo,,
235,お風呂場の前にある 入浴剤 なぞなぞ,30,25,0,暇つぶし系,todo,,
236,脳トレ やりすぎ,30,25,0,暇つぶし系,todo,,
237,脳トレ 楽器,30,25,0,暇つぶし系,todo,,
238,脳トレクイズラボ 漢字,30,25,0,暇つぶし系,todo,,
239,心理テスト 面白い 何に見える,30,25,0,暇つぶし系,todo,,
240,恋愛 暗号 なぞなぞ,20,25,0,暇つぶし系,todo,,
241,心理テストえち,20,25,0,暇つぶし系,todo,,
242,心理テスト 絵を描く 家,20,25,0,暇つぶし系,todo,,
243,脳トレ塾,20,25,1,暇つぶし系,todo,,
244,脳トレ 鬼トレ,20,25,15,暇つぶし系,todo,,
245,ジグソーパズル 脳トレ 効果,20,25,1,暇つぶし系,todo,,
246,肉球 性格診断 猫,20,25,0,暇つぶし系,todo,,
247,心理テスト 寂しがり屋,10,25,0,暇つぶし系,todo,,
248,心理テスト 授業で使える,10,25,0,暇つぶし系,todo,,
249,脳トレ 野菜の名前,10,25,0,暇つぶし系,todo,,
250,脳トレ バグ,10,25,0,暇つぶし系,todo,,
251,switch 脳トレ ペン,10,25,17,暇つぶし系,todo,,
252,脳トレ スイッチライト タッチペン,10,25,0,暇つぶし系,todo,,
253,パズルスパイ 脳トレ脱出ゲーム ポイ活,10,25,0,暇つぶし系,todo,,
254,脳トレ マッチ棒 図形,10,25,0,暇つぶし系,todo,,
255,脳トレ 玩具 大人,10,25,76,暇つぶし系,todo,,
256,性格診断 プーさん,10,25,0,暇つぶし系,todo,,
257,グラビティ 性格診断 やり方,10,25,2,暇つぶし系,todo,,
258,花火 名前 かっこいい,480,26,0,ネーミング系,todo,,
259,かっこいい 鳥 の 名前,260,26,0,ネーミング系,todo,,
260,卒業メッセージ 一言 かっこいい 四字熟語,260,26,0,ネーミング系,todo,,
261,discord サーバー名 おしゃれ,260,26,0,ネーミング系,todo,,
262,名前 かっこいい 女,170,26,0,ネーミング系,todo,,
263,しゅう 名前 かっこいい,170,26,0,ネーミング系,todo,,
264,アメリカ 人 名前 かっこいい,170,26,0,ネーミング系,todo,,
265,かっこいい 名前 ゲーム 和風,110,26,0,ネーミング系,todo,,
266,駿 名前 かっこいい,110,26,0,ネーミング系,todo,,
267,脳トレ クイズ 小学生,90,26,3,暇つぶし系,todo,,
268,ドラクエ3 性格診断 サイト,90,26,0,暇つぶし系,todo,,
269,組織 名前 かっこいい,70,26,0,ネーミング系,todo,,
270,焼酎 名前 かっこいい,70,26,4,ネーミング系,todo,,
271,花 の 名前 英語 かっこいい,70,26,0,ネーミング系,todo,,
272,かっこいい 花 の 名前 漢字 一文字,50,26,0,ネーミング系,todo,,
273,脳トレ とんち文字クイズ 無料プリント,50,26,1,暇つぶし系,todo,,
274,グラビティ 性格診断やり直し,50,26,0,暇つぶし系,todo,,
275,脳トレ ダイソー,40,26,17,暇つぶし系,todo,,
276,フェルミ推定 面白い問題,40,26,1,暇つぶし系,todo,,
277,プレゼント 欲しいもの 心理テスト,30,26,0,暇つぶし系,todo,,
278,脳トレ 手作り,30,26,0,暇つぶし系,todo,,
279,脳トレ 本 若者,30,26,55,暇つぶし系,todo,,
280,方程式 面白い問題,30,26,0,暇つぶし系,todo,,
281,英語 なぞなぞ 有名,20,26,0,暇つぶし系,todo,,
282,脳トレ156,20,26,0,暇つぶし系,todo,,
283,脳トレ 電卓,20,26,5,暇つぶし系,todo,,
284,性格診断新聞 恋愛,20,26,0,暇つぶし系,todo,,
285,るろうに剣心 技名言わない,10,26,0,ネーミング系,todo,,
286,心理テスト 旅行,10,26,0,暇つぶし系,todo,,
287,心理テスト 浮気度 女,10,26,0,暇つぶし系,todo,,
288,心理テスト 怖いもの,10,26,0,暇つぶし系,todo,,
289,心理テスト 未来予想,10,26,0,暇つぶし系,todo,,
290,脳トレ94,10,26,0,暇つぶし系,todo,,
291,switch lite 脳トレ,10,26,4,暇つぶし系,todo,,
292,脳トレクイズラボ 都道府県,10,26,0,暇つぶし系,todo,,
293,朝礼ネタ 脳トレ,10,26,0,暇つぶし系,todo,,
294,脳トレ switch トレーニング増やし方,10,26,0,暇つぶし系,todo,,
295,高齢者 脳トレ 雑誌,10,26,87,暇つぶし系,todo,,
296,性格診断 mbti ハリーポッター,10,26,0,暇つぶし系,todo,,
297,性格診断 文字,320,27,0,暇つぶし系,todo,,
298,台風 名前 かっこいい,260,27,0,ネーミング系,todo,,
299,スプラトゥーン3 二つ名レア,260,27,0,ネーミング系,todo,,
300,かっこいい ギルド名 一覧,260,27,0,ネーミング系,todo,,
301,なぞなぞすっきり,260,27,0,暇つぶし系,todo,,
302,心理テスト イメージカラー,260,27,0,暇つぶし系,todo,,
303,かっこいい 名前 アニメ カタカナ,210,27,0,ネーミング系,todo,,
304,ギルド名 かわいい,210,27,0,ネーミング系,todo,,
305,心理テスト 小学生向け 面白い,210,27,0,暇つぶし系,todo,,
306,二字熟語 かっこいい スポーツ,210,27,0,ネーミング系,todo,,
307,二つ名 スプラ,170,27,0,ネーミング系,todo,,
308,ギルド名 一覧,140,27,0,ネーミング系,todo,,
309,花 名前 かっこいい,140,27,0,ネーミング系,todo,,
310,心理テスト夫婦,110,27,1,暇つぶし系,todo,,
311,好きな色がわかる 心理テスト,110,27,0,暇つぶし系,todo,,
312,ハンターハンター 念能力 性格診断,110,27,0,暇つぶし系,todo,,
313,メダカ 名前 かっこいい,90,27,0,ネーミング系,todo,,
314,将棋 技名,90,27,0,ネーミング系,todo,,
315,心理テスト作り方,90,27,0,暇つぶし系,todo,,
316,心理テスト浮気度 男性 用,90,27,0,暇つぶし系,todo,,
317,脳トレ 意味ない,90,27,0,暇つぶし系,todo,,
318,かっこいい 花 の 名前 漢字 2 文字,70,27,0,ネーミング系,todo,,
319,脳トレ都道府県クイズ,70,27,0,暇つぶし系,todo,,
320,脳トレ 東北大学,70,27,3,暇つぶし系,todo,,
321,心理テスト 将来,50,27,0,暇つぶし系,todo,,
322,脳トレ 読書,50,27,22,暇つぶし系,todo,,
323,英語 なぞなぞ4択,40,27,0,暇つぶし系,todo,,
324,脳トレダンス,40,27,0,暇つぶし系,todo,,
325,脳トレ ホワイトボード 問題,40,27,2,暇つぶし系,todo,,
326,70代男性 プレゼント 脳トレ,40,27,100,暇つぶし系,todo,,
327,性格診断 fとt,40,27,2,暇つぶし系,todo,,
328,深層心理 潜在意識 テスト,40,27,9,暇つぶし系,todo,,
329,高齢者 脳トレ 塗り絵 無料,30,27,0,暇つぶし系,todo,,
330,幸せ 四字熟語 かっこいい,30,27,0,ネーミング系,todo,,
331,性格診断チャート 作り方,30,27,1,暇つぶし系,todo,,
332,性格診断 2択,30,27,2,暇つぶし系,todo,,
333,ハンターハンター 念 性格診断,30,27,0,暇つぶし系,todo,,
334,心理テスト 恐怖,20,27,0,暇つぶし系,todo,,
335,脳トレ川柳,20,27,21,暇つぶし系,todo,,
336,脳トレ 広テレ,20,27,0,暇つぶし系,todo,,
337,小学生 脳トレ 遊び,20,27,19,暇つぶし系,todo,,
338,理科 なぞなぞ 中学,10,27,1,暇つぶし系,todo,,
339,心理テスト 春,10,27,0,暇つぶし系,todo,,
340,心理テスト ヤバいやつ,10,27,0,暇つぶし系,todo,,
341,心理テスト 当たる 怖い 性格,10,27,0,暇つぶし系,todo,,
342,心理テスト 簡単 4択 恋愛,10,27,0,暇つぶし系,todo,,
343,心理テスト 一問一答 腹黒,10,27,0,暇つぶし系,todo,,
344,恋愛 心理テスト 浮気度,10,27,0,暇つぶし系,todo,,
345,心理テスト 数字 足し算,10,27,0,暇つぶし系,todo,,
346,心理テスト 名前 当てはめ 色,10,27,0,暇つぶし系,todo,,
347,脳トレねこポイ ポイ活,10,27,0,暇つぶし系,todo,,
348,脳トレ ネタ,10,27,0,暇つぶし系,todo,,
349,脳トレ ユザワヤ,10,27,24,暇つぶし系,todo,,
350,脳トレ 良問,10,27,0,暇つぶし系,todo,,
351,父の日 70代 脳トレ,10,27,0,暇つぶし系,todo,,
352,性格診断メーカー 免許証,10,27,0,暇つぶし系,todo,,
353,性格診断 銀魂,10,27,0,暇つぶし系,todo,,
354,アメリカ 性格診断 星座,10,27,0,暇つぶし系,todo,,
355,グラビティ 性格診断 種類,10,27,0,暇つぶし系,todo,,
356,なぞなぞの作り方,320,28,0,暇つぶし系,todo,,
357,心理テスト選択肢なし,260,28,0,暇つぶし系,todo,,
358,なぞなぞ6年生,210,28,0,暇つぶし系,todo,,
359,心理テスト 恋愛色,210,28,0,暇つぶし系,todo,,
360,性格診断ゲーム switch,170,28,0,暇つぶし系,todo,,
361,世界 一 かっこいい 名前,140,28,0,ネーミング系,todo,,
362,技名 一覧,140,28,0,ネーミング系,todo,,
363,教習所 ひっかけ問題,140,28,0,暇つぶし系,todo,,
364,心理テスト未来,140,28,0,暇つぶし系,todo,,
365,脳トレ点つなぎ,140,28,25,暇つぶし系,todo,,
366,心理テスト 恋愛4択,140,28,0,暇つぶし系,todo,,
367,免許 ひっかけ問題集,110,28,4,暇つぶし系,todo,,
368,心理テスト 小学生向け 3択,110,28,0,暇つぶし系,todo,,
369,心理テスト 性格一問一答,110,28,0,暇つぶし系,todo,,
370,脳トレ効果 ない,90,28,1,暇つぶし系,todo,,
371,じゃがりこ 性格診断 種類,90,28,0,暇つぶし系,todo,,
372,心理テスト 選択肢あり,70,28,0,暇つぶし系,todo,,
373,心理テスト ビジネス,70,28,1,暇つぶし系,todo,,
374,パズルスパイ 脳トレ脱出ゲーム,70,28,0,暇つぶし系,todo,,
375,英語 単語一覧 かっこいい,70,28,1,ネーミング系,todo,,
376,かっこいい 英語 フレーズ 単語,70,28,0,ネーミング系,todo,,
377,ポケモン 性格診断 一覧,70,28,0,暇つぶし系,todo,,
378,心理テストえちえち,40,28,0,暇つぶし系,todo,,
379,占いtv 心理テスト,40,28,0,暇つぶし系,todo,,
380,脳トレ 歴史,30,28,3,暇つぶし系,todo,,
381,脳トレ 勉強,30,28,19,暇つぶし系,todo,,
382,廉 名前 かっこいい,20,28,0,ネーミング系,todo,,
383,心理テスト問題集,20,28,0,暇つぶし系,todo,,
384,脳トレ スイッチライト,20,28,1,暇つぶし系,todo,,
385,脳トレ 時間帯,20,28,0,暇つぶし系,todo,,
386,脳トレ 中級,20,28,0,暇つぶし系,todo,,
387,性格診断 楽天家,20,28,1,暇つぶし系,todo,,
388,性格診断 嫌い,20,28,0,暇つぶし系,todo,,
389,性格診断 授業,20,28,0,暇つぶし系,todo,,
390,飼い 猫 性格診断,20,28,0,暇つぶし系,todo,,
391,コンサル 会社 かっこいい 名前,10,28,0,ネーミング系,todo,,
392,心理テスト 雑誌,10,28,0,暇つぶし系,todo,,
393,心理テスト 面白い 自由回答 恋愛,10,28,0,暇つぶし系,todo,,
394,心理テスト選択肢なし 恋愛,10,28,0,暇つぶし系,todo,,
395,心理テスト 腹黒 一 問 一答,10,28,0,暇つぶし系,todo,,
396,心理テスト 本物,10,28,0,暇つぶし系,todo,,
397,心理テスト 画像 性格,10,28,0,暇つぶし系,todo,,
398,脳トレ wiki,10,28,0,暇つぶし系,todo,,
399,脳トレ 塗り絵 プリント,10,28,5,暇つぶし系,todo,,
400,高齢者 脳トレ無料プリント 塗り絵,10,28,0,暇つぶし系,todo,,
401,心理テスト 恋愛当てはめ,10,28,0,暇つぶし系,todo,,
402,心理テスト 恋愛 浮気度,10,28,0,暇つぶし系,todo,,
403,ドラクエ3 性格診断 頭脳明晰,10,28,0,暇つぶし系,todo,,
404,東京 リベンジャー ズ 性格診断,10,28,0,暇つぶし系,todo,,
405,性格診断 4タイプ ロジカル 診断,10,28,5,暇つぶし系,todo,,
406,エゴグラム 性格診断 辛口,10,28,4,暇つぶし系,todo,,
407,性格診断 フローチャート 作り方,10,28,0,暇つぶし系,todo,,
408,なぞなぞ作り方,320,29,0,暇つぶし系,todo,,
409,スプラ 二つ名面白い,260,29,0,ネーミング系,todo,,
410,id かっこいい,260,29,0,ネーミング系,todo,,
411,ロボット 名前 かっこいい,210,29,0,ネーミング系,todo,,
412,漢字 人 文字 かっこいい 名前,210,29,0,ネーミング系,todo,,
413,心理テスト腹黒,210,29,0,暇つぶし系,todo,,
414,なぞなぞ意地悪,170,29,0,暇つぶし系,todo,,
415,心理テスト浮気度,170,29,0,暇つぶし系,todo,,
416,2 文字 かっこいい 名前,110,29,0,ネーミング系,todo,,
417,ゲーム 名前 かっこいい 漢字,90,29,0,ネーミング系,todo,,
418,ユーザーネーム 英語 おしゃれ,90,29,0,ネーミング系,todo,,
419,x ポスト 性格診断,90,29,0,暇つぶし系,todo,,
420,誕生日 性格診断 365日,90,29,1,暇つぶし系,todo,,
421,日本酒 名前 かっこいい 漢字,70,29,0,ネーミング系,todo,,
422,性格診断 文章,70,29,2,暇つぶし系,todo,,
423,性格診断 有料,70,29,17,暇つぶし系,todo,,
424,血液型 性格診断 根拠,70,29,0,暇つぶし系,todo,,
425,高齢者 脳トレプリント 無料塗り絵,50,29,0,暇つぶし系,todo,,
426,名前 が かっこいい 職業,40,29,2,ネーミング系,todo,,
427,中学入試 理科 面白い問題,40,29,0,暇つぶし系,todo,,
428,性格診断 nとs,40,29,0,暇つぶし系,todo,,
429,呪術廻戦 技名 五条,30,29,0,ネーミング系,todo,,
430,心理テスト 浮気度 女性 用,30,29,0,暇つぶし系,todo,,
431,サンリオ 性格診断 mbti,30,29,0,暇つぶし系,todo,,
432,性格診断 誕生日 血液型,30,29,0,暇つぶし系,todo,,
433,オーバーロード ギルド名,20,29,0,ネーミング系,todo,,
434,心理テスト高齢者,20,29,0,暇つぶし系,todo,,
435,心理テスト 作る サイト,20,29,1,暇つぶし系,todo,,
436,浮気度診断 心理テスト,20,29,0,暇つぶし系,todo,,
437,脳トレ ニンテンドースイッチ,20,29,51,暇つぶし系,todo,,
438,性格診断免許証 恋愛,20,29,0,暇つぶし系,todo,,
439,性格診断 にじさんじ,20,29,0,暇つぶし系,todo,,
440,性格診断 コロコロ 変わる,20,29,0,暇つぶし系,todo,,
441,なぞなぞ 小学生 低学年 ひらがな,10,29,0,暇つぶし系,todo,,
442,簿記3級 ひっかけ問題,10,29,2,暇つぶし系,todo,,
443,心理テスト ろうそく,10,29,0,暇つぶし系,todo,,
444,心理テスト 画像診断,10,29,0,暇つぶし系,todo,,
445,性格診断 ピンク,10,29,0,暇つぶし系,todo,,
446,星座別 性格診断,10,29,0,暇つぶし系,todo,,
447,なぞなぞ学校,390,30,3,暇つぶし系,todo,,
448,猫 かっこいい 名前,260,30,0,ネーミング系,todo,,
449,なぞなぞ 低学年 おすすめ,260,30,9,暇つぶし系,todo,,
450,脳トレ川島,260,30,30,暇つぶし系,todo,,
451,心理テスト 面白い 簡単,210,30,0,暇つぶし系,todo,,
452,心理テスト問題,210,30,0,暇つぶし系,todo,,
453,なぞなぞいじわる,170,30,0,暇つぶし系,todo,,
454,なぞなぞ小学校1年生,140,30,3,暇つぶし系,todo,,
455,なぞなぞ クイズ イラスト,140,30,0,暇つぶし系,todo,,
456,脳トレ先生,110,30,3,暇つぶし系,todo,,
457,超 かっこいい 英語 単語,110,30,0,ネーミング系,todo,,
458,心理テスト友達関係,90,30,1,暇つぶし系,todo,,
459,心理テスト 小学生向け 簡単,90,30,0,暇つぶし系,todo,,
460,脳トレ線つなぎ,70,30,4,暇つぶし系,todo,,
461,性格診断9タイプ,70,30,16,暇つぶし系,todo,,
462,性格診断 変わる,70,30,0,暇つぶし系,todo,,
463,性格診断 芸術家,70,30,3,暇つぶし系,todo,,
464,心理テスト例えると,50,30,0,暇つぶし系,todo,,
465,性格診断 作り方,50,30,0,暇つぶし系,todo,,
466,性格診断 pとj,40,30,0,暇つぶし系,todo,,
467,yes no チャート 性格診断,40,30,0,暇つぶし系,todo,,
468,脳トレバラバラ 漢字,30,30,5,暇つぶし系,todo,,
469,かっこいい日本語 四字熟語,30,30,0,ネーミング系,todo,,
470,心理テスト 恋愛選択肢なし,30,30,0,暇つぶし系,todo,,
471,脳トレ nバック,20,30,0,暇つぶし系,todo,,
472,性格診断 コントローラー,20,30,0,暇つぶし系,todo,,
473,性格診断 矛盾,20,30,0,暇つぶし系,todo,,
474,ぬいぐるみ 名前 かっこいい,10,30,0,ネーミング系,todo,,
475,英語 なぞなぞ 集,10,30,0,暇つぶし系,todo,,
476,心理テスト 盛り上がる 恋愛 小学生,10,30,0,暇つぶし系,todo,,
477,心理テスト 盛り上がる 一問一答,10,30,0,暇つぶし系,todo,,
478,脳トレ フィットネス,10,30,0,暇つぶし系,todo,,
479,脳トレ トレーニング 増やし方,10,30,0,暇つぶし系,todo,,
480,恋愛体質 心理テスト,10,30,7,暇つぶし系,todo,,
481,性格診断 バーナム効果,10,30,0,暇つぶし系,todo,,
482,性格診断 パーソナルカラー,10,30,9,暇つぶし系,todo,,
483,性格診断 情熱家,10,30,0,暇つぶし系,todo,,
484,refind self 性格診断ゲーム プレイ時間,10,30,0,暇つぶし系,todo,,
485,脳科学 性格診断,10,30,7,暇つぶし系,todo,,
486,なぞなぞスッキリ,260,31,0,暇つぶし系,todo,,
487,心理テスト恋愛小学生,210,31,0,暇つぶし系,todo,,
488,心理テスト 深層心理 性格,210,31,0,暇つぶし系,todo,,
489,心理テスト 恋愛 片思い,210,31,1,暇つぶし系,todo,,
490,高齢者 脳トレ プリント 計算,140,31,0,暇つぶし系,todo,,
491,ドラクエ3 性格診断 おすすめ,140,31,0,暇つぶし系,todo,,
492,心理テスト 無料 面白い,110,31,2,暇つぶし系,todo,,
493,なぞなぞ 低学年 ひっかけ,90,31,1,暇つぶし系,todo,,
494,心理テスト性,70,31,0,暇つぶし系,todo,,
495,性格診断 うさぎ,70,31,0,暇つぶし系,todo,,
496,性格診断 色分け,70,31,0,暇つぶし系,todo,,
497,ジブリ 性格診断 16,70,31,2,暇つぶし系,todo,,
498,peak 脳トレ 効果,50,31,0,暇つぶし系,todo,,
499,高校生 クイズ 面白い問題,50,31,0,暇つぶし系,todo,,
500,性格診断 4タイプ ロジカル 診断 無料,50,31,12,暇つぶし系,todo,,
501,性格診断 mbti 黄色,50,31,0,暇つぶし系,todo,,
502,性格診断ハンターハンター,40,31,0,暇つぶし系,todo,,
503,心理テスト ジャンル,30,31,0,暇つぶし系,todo,,
504,心理テスト 天然 簡単,30,31,0,暇つぶし系,todo,,
505,脳トレ イラスト フリー,30,31,0,暇つぶし系,todo,,
506,性格診断 サンリオ,30,31,0,暇つぶし系,todo,,
507,性格診断 ソシオニクス,30,31,1,暇つぶし系,todo,,
508,投資 会社 かっこいい 名前,20,31,0,ネーミング系,todo,,
509,心理テスト一途度,10,31,0,暇つぶし系,todo,,
510,心理テスト 恋愛 運命の人,10,31,5,暇つぶし系,todo,,
511,性格診断 平和主義者,10,31,1,暇つぶし系,todo,,
512,fps 性格診断,10,31,0,暇つぶし系,todo,,
513,性格診断 エゴグラム,390,32,7,暇つぶし系,todo,,
514,心理テスト一覧,210,32,0,暇つぶし系,todo,,
515,心理テスト簡単面白い,210,32,0,暇つぶし系,todo,,
516,脳トレ 老人,210,32,68,暇つぶし系,todo,,
517,かっこいい 色 の 名前 黒,170,32,0,ネーミング系,todo,,
518,なぞなぞ 3歳 食べ物,170,32,0,暇つぶし系,todo,,
519,心理テスト有名,170,32,0,暇つぶし系,todo,,
520,心理テスト 面白い無料,110,32,2,暇つぶし系,todo,,
521,心理テスト裏の性格,70,32,0,暇つぶし系,todo,,
522,line アイコン 性格診断,70,32,0,暇つぶし系,todo,,
523,心理テスト 盛り上がる恋愛 中学生,50,32,0,暇つぶし系,todo,,
524,脳トレ無料ゲーム 計算,50,32,30,暇つぶし系,todo,,
525,心理テスト書くやつ,40,32,0,暇つぶし系,todo,,
526,脳トレ キャラ,40,32,0,暇つぶし系,todo,,
527,脳トレ ピーク,30,32,8,暇つぶし系,todo,,
528,心理テスト一問,20,32,0,暇つぶし系,todo,,
529,脳トレ 最新,20,32,13,暇つぶし系,todo,,
530,心理テスト 恋愛依存度,20,32,5,暇つぶし系,todo,,
531,競馬 二つ名ツインターボ,10,32,0,ネーミング系,todo,,
532,小学生 向け なぞなぞ 問題 集,10,32,0,暇つぶし系,todo,,
533,心理テスト 足し算,10,32,0,暇つぶし系,todo,,
534,心理テスト mmpi,10,32,0,暇つぶし系,todo,,
535,心理テスト 恋愛 男性向け 片思い,10,32,0,暇つぶし系,todo,,
536,vita 脳トレ,10,32,3,暇つぶし系,todo,,
537,小学生 脳トレ プリント 無料,10,32,3,暇つぶし系,todo,,
538,ニンテンドースイッチライト 脳トレ,10,32,24,暇つぶし系,todo,,
539,性格診断謎 ヒント,10,32,0,暇つぶし系,todo,,
540,性格診断 50問,10,32,2,暇つぶし系,todo,,
541,性格診断 np,10,32,0,暇つぶし系,todo,,
542,顔で 性格診断,480,33,0,暇つぶし系,todo,,
543,心理テスト今の精神状態,390,33,14,暇つぶし系,todo,,
544,脳トレでためる,390,33,1,暇つぶし系,todo,,
545,基本 性格診断 モンスター,390,33,0,暇つぶし系,todo,,
546,心理テストサイト,320,33,1,暇つぶし系,todo,,
547,性格診断 mbti 建築家,320,33,1,暇つぶし系,todo,,
548,恋愛 性格診断 ちゃっかりうさぎ,320,33,0,暇つぶし系,todo,,
549,なぞなぞ面白い問題,260,33,0,暇つぶし系,todo,,
550,心理テスト彼女,260,33,0,暇つぶし系,todo,,
551,心理テスト恋愛盛り上がる,260,33,0,暇つぶし系,todo,,
552,性格診断 mbti 仲介者,260,33,1,暇つぶし系,todo,,
553,性格診断intp,260,33,20,暇つぶし系,todo,,
554,性格診断中学生,260,33,9,暇つぶし系,todo,,
555,性格診断討論者,260,33,1,暇つぶし系,todo,,
556,性格診断論理学者,260,33,2,暇つぶし系,todo,,
557,性格診断 就職,260,33,51,暇つぶし系,todo,,
558,なぞなぞ 上級 引っ掛け,210,33,0,暇つぶし系,todo,,
559,心理テスト 性格 簡単,210,33,1,暇つぶし系,todo,,
560,mbti 心理テスト,210,33,19,暇つぶし系,todo,,
561,心理テスト簡単 性格,210,33,1,暇つぶし系,todo,,
562,脳トレ スマホ,210,33,19,暇つぶし系,todo,,
563,脳トレ 記憶力 アップ 無料,210,33,14,暇つぶし系,todo,,
564,性格診断 無料 生年月日,210,33,26,暇つぶし系,todo,,
565,性格診断アプリ,210,33,18,暇つぶし系,todo,,
566,性格診断wiki,210,33,0,暇つぶし系,todo,,
567,性格診断entp,210,33,17,暇つぶし系,todo,,
568,性格診断面接,210,33,29,暇つぶし系,todo,,
569,性格診断 企業,210,33,42,暇つぶし系,todo,,
570,性格診断mbti以外,210,33,9,暇つぶし系,todo,,
571,就活 性格診断 落ちる,210,33,3,暇つぶし系,todo,,
572,名前 ステッカー かっこいい,170,33,100,ネーミング系,todo,,
573,二つ名パワー,170,33,0,ネーミング系,todo,,
574,小学生 なぞなぞ 中学年,170,33,5,暇つぶし系,todo,,
575,心理テスト相性,170,33,0,暇つぶし系,todo,,
576,脳トレパズル 高齢者,170,33,66,暇つぶし系,todo,,
577,性格診断4タイプ,170,33,2,暇つぶし系,todo,,
578,性格診断esfp,170,33,18,暇つぶし系,todo,,
579,性格診断おすすめ,170,33,16,暇つぶし系,todo,,
580,性格診断サイト,170,33,9,暇つぶし系,todo,,
581,性格診断割合,170,33,2,暇つぶし系,todo,,
582,性格診断 当たる 生年月日,170,33,23,暇つぶし系,todo,,
583,性格診断 転職,170,33,82,暇つぶし系,todo,,
584,適性検査 性格診断 例題,170,33,26,暇つぶし系,todo,,
585,心理テスト 当たる 無料,140,33,8,暇つぶし系,todo,,
586,脳トレ ブロック アプリ 無料,140,33,53,暇つぶし系,todo,,
587,脳トレ 暗算 数学 計算,140,33,3,暇つぶし系,todo,,
588,性格診断 無料 簡単,140,33,26,暇つぶし系,todo,,
589,性格診断人気,140,33,14,暇つぶし系,todo,,
590,性格診断無料当たる,140,33,41,暇つぶし系,todo,,
591,性格診断履歴書,140,33,3,暇つぶし系,todo,,
592,性格診断 当たる 無料,140,33,33,暇つぶし系,todo,,
593,性格診断 webテスト,140,33,22,暇つぶし系,todo,,
594,性格診断生年月日 血液型,140,33,1,暇つぶし系,todo,,
595,名前でわかる 性格診断,140,33,0,暇つぶし系,todo,,
596,心理テスト カップル用,110,33,0,暇つぶし系,todo,,
597,心理テストキャラクター,110,33,0,暇つぶし系,todo,,
598,脳トレキッズ,110,33,1,暇つぶし系,todo,,
599,脳トレ peak,110,33,5,暇つぶし系,todo,,
600,性格診断チャート,110,33,2,暇つぶし系,todo,,
601,ユング 性格診断 16,110,33,17,暇つぶし系,todo,,
602,心理テスト鬱,90,33,14,暇つぶし系,todo,,
603,心理テストドットコム,90,33,1,暇つぶし系,todo,,
604,心理テスト 恋愛 占い,90,33,0,暇つぶし系,todo,,
605,性格診断テスト 簡単,90,33,10,暇つぶし系,todo,,
606,性格診断100問,90,33,4,暇つぶし系,todo,,
607,性格診断クイズ,90,33,4,暇つぶし系,todo,,
608,性格診断フローチャート,90,33,0,暇つぶし系,todo,,
609,性格診断短い,90,33,3,暇つぶし系,todo,,
610,性格診断 16タイプ 相性,90,33,0,暇つぶし系,todo,,
611,性格診断 適職,90,33,54,暇つぶし系,todo,,
612,性格診断 名前 生年月日,90,33,25,暇つぶし系,todo,,
613,性格診断 自己分析,90,33,58,暇つぶし系,todo,,
614,性格診断 小学生向け,90,33,0,暇つぶし系,todo,,
615,性格診断 生年月日 名前,90,33,25,暇つぶし系,todo,,
616,名前 性格診断 恋愛,90,33,14,暇つぶし系,todo,,
617,なぞなぞクイズ 答え付き 小学生,70,33,0,暇つぶし系,todo,,
618,心理テスト選択,70,33,0,暇つぶし系,todo,,
619,心理テスト 誕生日,70,33,0,暇つぶし系,todo,,
620,恋愛 心理テスト タイプ,70,33,0,暇つぶし系,todo,,
621,脳トレ ソリティア,70,33,8,暇つぶし系,todo,,
622,性格診断テスト 種類,70,33,3,暇つぶし系,todo,,
623,性格診断 恋愛 相性,70,33,5,暇つぶし系,todo,,
624,性格診断 生年 月 日 血液型 無料,70,33,6,暇つぶし系,todo,,
625,性格診断 f,70,33,0,暇つぶし系,todo,,
626,性格診断相性一覧,70,33,0,暇つぶし系,todo,,
627,性格診断 当たる 細かい,70,33,17,暇つぶし系,todo,,
628,性格診断 相性 恋愛,70,33,1,暇つぶし系,todo,,
629,脳トレ 記憶力 問題,50,33,11,暇つぶし系,todo,,
630,心理テスト 恋愛彼氏,50,33,0,暇つぶし系,todo,,
631,無料 性格診断テスト 相性,50,33,0,暇つぶし系,todo,,
632,採用 性格診断 無料,50,33,69,暇つぶし系,todo,,
633,車の運転 性格診断,50,33,0,暇つぶし系,todo,,
634,性格診断多い順,40,33,0,暇つぶし系,todo,,
635,性格診断ハリーポッター,40,33,0,暇つぶし系,todo,,
636,性格診断マザーテレサ,40,33,0,暇つぶし系,todo,,
637,性格診断 ドライバー,40,33,2,暇つぶし系,todo,,
638,英語 なぞなぞ 簡単 小学生,30,33,5,暇つぶし系,todo,,
639,脳トレランキング,30,33,18,暇つぶし系,todo,,
640,脳トレ 20代,30,33,19,暇つぶし系,todo,,
641,脳トレ 中学生 プリント,30,33,0,暇つぶし系,todo,,
642,数学 面白い問題 中学生,30,33,7,暇つぶし系,todo,,
643,性格診断 簡単 小学生,30,33,0,暇つぶし系,todo,,
644,性格診断見方,30,33,0,暇つぶし系,todo,,
645,性格診断 水色,30,33,0,暇つぶし系,todo,,
646,性格診断 big5,30,33,19,暇つぶし系,todo,,
647,逆張り 性格診断,30,33,1,暇つぶし系,todo,,
648,性格診断 英語4文字,30,33,6,暇つぶし系,todo,,
649,性格診断 建築家 女性,30,33,0,暇つぶし系,todo,,
650,性格診断 人気 ランキング,30,33,1,暇つぶし系,todo,,
651,性格診断 mbti 見方,30,33,0,暇つぶし系,todo,,
652,sns id おしゃれ,20,33,0,ネーミング系,todo,,
653,心理テストパーセント,20,33,0,暇つぶし系,todo,,
654,脳トレ記憶力 高齢者,20,33,16,暇つぶし系,todo,,
655,性格診断 主人公 有名人,20,33,0,暇つぶし系,todo,,
656,性格診断トライ,20,33,0,暇つぶし系,todo,,
657,適性検査 性格診断だけ,20,33,24,暇つぶし系,todo,,
658,性格診断プロフィール,20,33,0,暇つぶし系,todo,,
659,性格診断 6タイプ,20,33,2,暇つぶし系,todo,,
660,性格診断 60問,20,33,1,暇つぶし系,todo,,
661,性格診断 木の絵,20,33,0,暇つぶし系,todo,,
662,性格診断 有名人,20,33,0,暇つぶし系,todo,,
663,性格診断 四文字,20,33,12,暇つぶし系,todo,,
664,性格診断 四字熟語,20,33,0,暇つぶし系,todo,,
665,性格診断 レア,20,33,3,暇つぶし系,todo,,
666,性格診断 n型,20,33,5,暇つぶし系,todo,,
667,性格診断 nf,20,33,1,暇つぶし系,todo,,
668,性格診断 mbti 主人公 有名人,20,33,0,暇つぶし系,todo,,
669,性格診断 緑の人,20,33,5,暇つぶし系,todo,,
670,性格診断 mbti 芸能人,20,33,0,暇つぶし系,todo,,
671,心理テスト 通話,10,33,0,暇つぶし系,todo,,
672,性格診断 心理テスト 簡単,10,33,5,暇つぶし系,todo,,
673,心理テスト アプリ カップル,10,33,5,暇つぶし系,todo,,
674,向いてる仕事 心理テスト 中学生,10,33,0,暇つぶし系,todo,,
675,彼氏 心理テスト 本音,10,33,0,暇つぶし系,todo,,
676,心理テスト メンタルの強さ,10,33,0,暇つぶし系,todo,,
677,脳トレ 図形数量,10,33,1,暇つぶし系,todo,,
678,脳トレ 英語 ゲーム,10,33,10,暇つぶし系,todo,,
679,switch 脳トレ 数独 上級,10,33,0,暇つぶし系,todo,,
680,心理テスト 恋愛 片思い 女性,10,33,0,暇つぶし系,todo,,
681,性格診断 恋愛 簡単,10,33,4,暇つぶし系,todo,,
682,性格診断検査 公務員,10,33,0,暇つぶし系,todo,,
683,性格診断レポート,10,33,8,暇つぶし系,todo,,
684,性格診断 7,10,33,0,暇つぶし系,todo,,
685,性格診断 モチラボ,10,33,0,暇つぶし系,todo,,
686,性格診断 類型,10,33,0,暇つぶし系,todo,,
687,性格診断 木,10,33,0,暇つぶし系,todo,,
688,性格診断 芸術家タイプ,10,33,9,暇つぶし系,todo,,
689,性格診断 武将,10,33,0,暇つぶし系,todo,,
690,性格診断生年月日 ゲッターズ,10,33,12,暇つぶし系,todo,,
691,血液型別 性格診断,10,33,0,暇つぶし系,todo,,
692,性格診断 正確性,10,33,0,暇つぶし系,todo,,
693,性格診断 mbti マッチングアプリ,10,33,36,暇つぶし系,todo,,
694,性格診断 mbti 有料,10,33,31,暇つぶし系,todo,,
695,性格診断 主人公 芸能人,10,33,0,暇つぶし系,todo,,
696,性格診断 男性向け,10,33,31,暇つぶし系,todo,,
697,性格診断 mbti 分布,10,33,0,暇つぶし系,todo,,
